backend_id,scene_id,scene_type,frames,timestamp,query_keyframe,query_row,query_s_m,query_zone_type,query_headland_id,query_label_unavailable_reason,descriptor_prefilter,candidate_top_k,descriptor_database_size,ranking_observed_count,candidate_spread_coordinate_frame,backend_alignment_method,backend_alignment_p95_m,backend_alignment_max_m,entropy_mode,softmax_tau,rank,patch,candidate_keyframe,candidate_row,candidate_s_m,candidate_d_m,candidate_psi_rel_deg,candidate_zone_type,candidate_headland_id,same_physical_row,delta_s_m,sector_similarity,ring_distance,candidate_x,candidate_y,reference_xy_error_m,reference_yaw_error_deg,bbs_attempted,bbs_timed_out,bbs_score,bbs_elapsed_ms,bbs_basin_hit,gicp_attempted,gicp_fitness,gicp_overlap,gicp_elapsed_ms,gicp_final_success
fast_livo2_lio,HEADLAND_01,HEADLAND,1,1767659550.1209629,54,UNKNOWN,,UNKNOWN,,manual_topology_not_confirmed,40,10,1082,40,backend_map:fast_livo2_lio,same_bag_timestamp_se2_least_squares,0.2841928823232197,0.48486311219149847,rank_frequency,,1,1087.pcd,1087,UNKNOWN,,,,UNKNOWN,,,,0.8969187822158777,0.5163818555642203,-2.216940944,4.367915138,27.874640931258195,129.69504589837612,True,False,0.9172008547008547,128.921816,False,False,,,,
fast_livo2_lio,HEADLAND_01,HEADLAND,1,1767659550.1209629,54,UNKNOWN,,UNKNOWN,,manual_topology_not_confirmed,40,10,1082,40,backend_map:fast_livo2_lio,same_bag_timestamp_se2_least_squares,0.2841928823232197,0.48486311219149847,rank_frequency,,2,1079.pcd,1079,UNKNOWN,,,,UNKNOWN,,,,0.891303588075691,0.5580716342973167,-0.8383236897,0.1653604734,27.572505114402873,146.26055585318653,True,False,0.9642094017094017,207.027225,False,False,,,,
fast_livo2_lio,HEADLAND_01,HEADLAND,1,1767659550.1209629,54,UNKNOWN,,UNKNOWN,,manual_topology_not_confirmed,40,10,1082,40,backend_map:fast_livo2_lio,same_bag_timestamp_se2_least_squares,0.2841928823232197,0.48486311219149847,rank_frequency,,3,1080.pcd,1080,UNKNOWN,,,,UNKNOWN,,,,0.8894892339731164,0.5515904799763095,-1.065127844,0.6400006855,27.638988935884484,145.94491980625298,True,False,0.9615384615384616,184.070767,False,False,,,,
fast_livo2_lio,HEADLAND_01,HEADLAND,1,1767659550.1209629,54,UNKNOWN,,UNKNOWN,,manual_topology_not_confirmed,40,10,1082,40,backend_map:fast_livo2_lio,same_bag_timestamp_se2_least_squares,0.2841928823232197,0.48486311219149847,rank_frequency,,4,1085.pcd,1085,UNKNOWN,,,,UNKNOWN,,,,0.88449335061602,0.5088997335586513,-2.088587431,3.285848307,27.951489453370378,132.57667145818613,True,False,0.9535256410256411,202.643293,False,False,,,,
fast_livo2_lio,HEADLAND_01,HEADLAND,1,1767659550.1209629,54,UNKNOWN,,UNKNOWN,,manual_topology_not_confirmed,40,10,1082,40,backend_map:fast_livo2_lio,same_bag_timestamp_se2_least_squares,0.2841928823232197,0.48486311219149847,rank_frequency,,5,1076.pcd,1076,UNKNOWN,,,,UNKNOWN,,,,0.8834145614749123,0.5230603876267732,-0.2375611997,-1.408755631,27.563191523874185,138.5957203322404,True,False,0.967948717948718,175.575455,False,False,,,,
fast_livo2_lio,HEADLAND_01,HEADLAND,1,1767659550.1209629,54,UNKNOWN,,UNKNOWN,,manual_topology_not_confirmed,40,10,1082,40,backend_map:fast_livo2_lio,same_bag_timestamp_se2_least_squares,0.2841928823232197,0.48486311219149847,rank_frequency,,6,1086.pcd,1086,UNKNOWN,,,,UNKNOWN,,,,0.8819605796578511,0.5638616175941366,-2.135710472,3.842192786,27.888153843805085,140.26785770197714,True,False,0.9594017094017094,198.953074,False,False,,,,
fast_livo2_lio,HEADLAND_01,HEADLAND,1,1767659550.1209629,54,UNKNOWN,,UNKNOWN,,manual_topology_not_confirmed,40,10,1082,40,backend_map:fast_livo2_lio,same_bag_timestamp_se2_least_squares,0.2841928823232197,0.48486311219149847,rank_frequency,,7,1077.pcd,1077,UNKNOWN,,,,UNKNOWN,,,,0.8815882625010936,0.5186730348281903,-0.4127231061,-0.908632816,27.540341673117563,138.32368713099123,True,False,0.9642094017094017,171.608889,False,False,,,,
fast_livo2_lio,HEADLAND_01,HEADLAND,1,1767659550.1209629,54,UNKNOWN,,UNKNOWN,,manual_topology_not_confirmed,40,10,1082,40,backend_map:fast_livo2_lio,same_bag_timestamp_se2_least_squares,0.2841928823232197,0.48486311219149847,rank_frequency,,8,1033.pcd,1033,UNKNOWN,,,,UNKNOWN,,,,0.8804762501651221,0.5818110067408503,8.478623953,-22.62197118,35.85266164882696,149.04471105676743,True,False,0.9903846153846154,68.687728,False,True,0.3059082004560051,0.9951923076923077,,False
fast_livo2_lio,HEADLAND_01,HEADLAND,1,1767659550.1209629,54,UNKNOWN,,UNKNOWN,,manual_topology_not_confirmed,40,10,1082,40,backend_map:fast_livo2_lio,same_bag_timestamp_se2_least_squares,0.2841928823232197,0.48486311219149847,rank_frequency,,9,1078.pcd,1078,UNKNOWN,,,,UNKNOWN,,,,0.8798056402976734,0.47822747121693876,-0.6298854452,-0.4094385397,27.567435487174254,145.74266932584817,True,False,0.9626068376068376,179.477075,False,False,,,,
fast_livo2_lio,HEADLAND_01,HEADLAND,1,1767659550.1209629,54,UNKNOWN,,UNKNOWN,,manual_topology_not_confirmed,40,10,1082,40,backend_map:fast_livo2_lio,same_bag_timestamp_se2_least_squares,0.2841928823232197,0.48486311219149847,rank_frequency,,10,1084.pcd,1084,UNKNOWN,,,,UNKNOWN,,,,0.8711781443580455,0.5650748352726978,-1.951057156,2.805421799,27.920637834826465,140.98159595738096,True,False,0.9567307692307693,201.602849,False,False,,,,
fast_livo2_lio,HEADLAND_01,HEADLAND,1,1767659550.1209629,54,UNKNOWN,,UNKNOWN,,manual_topology_not_confirmed,40,10,1082,40,backend_map:fast_livo2_lio,same_bag_timestamp_se2_least_squares,0.2841928823232197,0.48486311219149847,rank_frequency,,11,1075.pcd,1075,UNKNOWN,,,,UNKNOWN,,,,0.8608499670482449,0.5425702530278865,-0.03097315004,-1.972348378,27.592683918814398,135.45902891246425,False,,,,,False,,,,
fast_livo2_lio,HEADLAND_01,HEADLAND,1,1767659550.1209629,54,UNKNOWN,,UNKNOWN,,manual_topology_not_confirmed,40,10,1082,40,backend_map:fast_livo2_lio,same_bag_timestamp_se2_least_squares,0.2841928823232197,0.48486311219149847,rank_frequency,,12,1131.pcd,1131,UNKNOWN,,,,UNKNOWN,,,,0.856283795116321,0.5239637293258761,17.27690839,15.58972814,10.312707443500393,53.62863818875605,False,,,,,False,,,,
fast_livo2_lio,HEADLAND_01,HEADLAND,1,1767659550.1209629,54,UNKNOWN,,UNKNOWN,,manual_topology_not_confirmed,40,10,1082,40,backend_map:fast_livo2_lio,same_bag_timestamp_se2_least_squares,0.2841928823232197,0.48486311219149847,rank_frequency,,13,57.pcd,57,UNKNOWN,,,,UNKNOWN,,,,0.8531437782664928,0.46019507856651876,25.55486261,8.207954122,0.9025566583968986,39.94125834209125,False,,,,,False,,,,
fast_livo2_lio,HEADLAND_01,HEADLAND,1,1767659550.1209629,54,UNKNOWN,,UNKNOWN,,manual_topology_not_confirmed,40,10,1082,40,backend_map:fast_livo2_lio,same_bag_timestamp_se2_least_squares,0.2841928823232197,0.48486311219149847,rank_frequency,,14,1127.pcd,1127,UNKNOWN,,,,UNKNOWN,,,,0.853033013547923,0.5606024114844298,15.11365288,14.68492195,11.6005921878179,57.39283730257571,False,,,,,False,,,,
fast_livo2_lio,HEADLAND_01,HEADLAND,1,1767659550.1209629,54,UNKNOWN,,UNKNOWN,,manual_topology_not_confirmed,40,10,1082,40,backend_map:fast_livo2_lio,same_bag_timestamp_se2_least_squares,0.2841928823232197,0.48486311219149847,rank_frequency,,15,1125.pcd,1125,UNKNOWN,,,,UNKNOWN,,,,0.8497747885630376,0.5716679298315075,14.05825034,14.34232784,12.384184405193967,55.36027790542546,False,,,,,False,,,,
fast_livo2_lio,HEADLAND_01,HEADLAND,1,1767659550.1209629,54,UNKNOWN,,UNKNOWN,,manual_topology_not_confirmed,40,10,1082,40,backend_map:fast_livo2_lio,same_bag_timestamp_se2_least_squares,0.2841928823232197,0.48486311219149847,rank_frequency,,16,1130.pcd,1130,UNKNOWN,,,,UNKNOWN,,,,0.8434914632199492,0.5883257115549687,16.7715377,15.3968686,10.592208554006701,52.78456219049838,False,,,,,False,,,,
fast_livo2_lio,HEADLAND_01,HEADLAND,1,1767659550.1209629,54,UNKNOWN,,UNKNOWN,,manual_topology_not_confirmed,40,10,1082,40,backend_map:fast_livo2_lio,same_bag_timestamp_se2_least_squares,0.2841928823232197,0.48486311219149847,rank_frequency,,17,1129.pcd,1129,UNKNOWN,,,,UNKNOWN,,,,0.8370685882784658,0.5880113714424134,16.22340416,15.14108533,10.891505883221404,55.17803465507257,False,,,,,False,,,,
fast_livo2_lio,HEADLAND_01,HEADLAND,1,1767659550.1209629,54,UNKNOWN,,UNKNOWN,,manual_topology_not_confirmed,40,10,1082,40,backend_map:fast_livo2_lio,same_bag_timestamp_se2_least_squares,0.2841928823232197,0.48486311219149847,rank_frequency,,18,1134.pcd,1134,UNKNOWN,,,,UNKNOWN,,,,0.8364671459584958,0.5372182063225509,18.86498743,16.27949171,9.643725768270144,41.25281120942888,False,,,,,False,,,,
fast_livo2_lio,HEADLAND_01,HEADLAND,1,1767659550.1209629,54,UNKNOWN,,UNKNOWN,,manual_topology_not_confirmed,40,10,1082,40,backend_map:fast_livo2_lio,same_bag_timestamp_se2_least_squares,0.2841928823232197,0.48486311219149847,rank_frequency,,19,1136.pcd,1136,UNKNOWN,,,,UNKNOWN,,,,0.8362483331847607,0.4089473833416723,19.87756338,16.42110529,9.11815984916026,24.531175291268866,False,,,,,False,,,,
fast_livo2_lio,HEADLAND_01,HEADLAND,1,1767659550.1209629,54,UNKNOWN,,UNKNOWN,,manual_topology_not_confirmed,40,10,1082,40,backend_map:fast_livo2_lio,same_bag_timestamp_se2_least_squares,0.2841928823232197,0.48486311219149847,rank_frequency,,20,1073.pcd,1073,UNKNOWN,,,,UNKNOWN,,,,0.8361212895858813,0.5776383516902184,0.3802936402,-3.024977533,27.65969520503075,144.13716827247745,False,,,,,False,,,,
fast_livo2_lio,HEADLAND_01,HEADLAND,1,1767659550.1209629,54,UNKNOWN,,UNKNOWN,,manual_topology_not_confirmed,40,10,1082,40,backend_map:fast_livo2_lio,same_bag_timestamp_se2_least_squares,0.2841928823232197,0.48486311219149847,rank_frequency,,21,731.pcd,731,UNKNOWN,,,,UNKNOWN,,,,0.8342586912325004,0.5798800833251593,32.4554829,-9.438072025,19.849193077745202,3.3988903511328603,False,,,,,False,,,,
fast_livo2_lio,HEADLAND_01,HEADLAND,1,1767659550.1209629,54,UNKNOWN,,UNKNOWN,,manual_topology_not_confirmed,40,10,1082,40,backend_map:fast_livo2_lio,same_bag_timestamp_se2_least_squares,0.2841928823232197,0.48486311219149847,rank_frequency,,22,1135.pcd,1135,UNKNOWN,,,,UNKNOWN,,,,0.8337926791964667,0.5089620754266215,19.37619322,16.39195441,9.400049753404428,35.91244204932114,False,,,,,False,,,,
fast_livo2_lio,HEADLAND_01,HEADLAND,1,1767659550.1209629,54,UNKNOWN,,UNKNOWN,,manual_topology_not_confirmed,40,10,1082,40,backend_map:fast_livo2_lio,same_bag_timestamp_se2_least_squares,0.2841928823232197,0.48486311219149847,rank_frequency,,23,1132.pcd,1132,UNKNOWN,,,,UNKNOWN,,,,0.8298649231016474,0.5706616674253061,17.81722714,15.83506647,10.06384579060559,49.29549387637061,False,,,,,False,,,,
fast_livo2_lio,HEADLAND_01,HEADLAND,1,1767659550.1209629,54,UNKNOWN,,UNKNOWN,,manual_topology_not_confirmed,40,10,1082,40,backend_map:fast_livo2_lio,same_bag_timestamp_se2_least_squares,0.2841928823232197,0.48486311219149847,rank_frequency,,24,1123.pcd,1123,UNKNOWN,,,,UNKNOWN,,,,0.8289564477880765,0.584735995790946,12.90719141,13.94969828,13.284845946475569,58.129144236491015,False,,,,,False,,,,
fast_livo2_lio,HEADLAND_01,HEADLAND,1,1767659550.1209629,54,UNKNOWN,,UNKNOWN,,manual_topology_not_confirmed,40,10,1082,40,backend_map:fast_livo2_lio,same_bag_timestamp_se2_least_squares,0.2841928823232197,0.48486311219149847,rank_frequency,,25,1124.pcd,1124,UNKNOWN,,,,UNKNOWN,,,,0.8274279304318438,0.5702797766184107,13.49438911,14.14926276,12.818586710299867,61.443125004424886,False,,,,,False,,,,
fast_livo2_lio,HEADLAND_01,HEADLAND,1,1767659550.1209629,54,UNKNOWN,,UNKNOWN,,manual_topology_not_confirmed,40,10,1082,40,backend_map:fast_livo2_lio,same_bag_timestamp_se2_least_squares,0.2841928823232197,0.48486311219149847,rank_frequency,,26,58.pcd,58,UNKNOWN,,,,UNKNOWN,,,,0.8197358040907347,0.3807069752399321,25.55291823,8.079150681,1.0245899245675325,51.95028975664837,False,,,,,False,,,,
fast_livo2_lio,HEADLAND_01,HEADLAND,1,1767659550.1209629,54,UNKNOWN,,UNKNOWN,,manual_topology_not_confirmed,40,10,1082,40,backend_map:fast_livo2_lio,same_bag_timestamp_se2_least_squares,0.2841928823232197,0.48486311219149847,rank_frequency,,27,1040.pcd,1040,UNKNOWN,,,,UNKNOWN,,,,0.8186336513480346,0.5572830573090921,7.142192984,-19.37525315,33.7174068992054,122.58686459823701,False,,,,,False,,,,
fast_livo2_lio,HEADLAND_01,HEADLAND,1,1767659550.1209629,54,UNKNOWN,,UNKNOWN,,manual_topology_not_confirmed,40,10,1082,40,backend_map:fast_livo2_lio,same_bag_timestamp_se2_least_squares,0.2841928823232197,0.48486311219149847,rank_frequency,,28,1133.pcd,1133,UNKNOWN,,,,UNKNOWN,,,,0.8173697780218244,0.5713350680001169,18.33271399,16.05339089,9.842723752713583,41.45731110824248,False,,,,,False,,,,
fast_livo2_lio,HEADLAND_01,HEADLAND,1,1767659550.1209629,54,UNKNOWN,,UNKNOWN,,manual_topology_not_confirmed,40,10,1082,40,backend_map:fast_livo2_lio,same_bag_timestamp_se2_least_squares,0.2841928823232197,0.48486311219149847,rank_frequency,,29,59.pcd,59,UNKNOWN,,,,UNKNOWN,,,,0.8143515590633319,0.4336824983978897,25.52989575,7.94886016,1.1443878186806875,64.72751573776374,False,,,,,False,,,,
fast_livo2_lio,HEADLAND_01,HEADLAND,1,1767659550.1209629,54,UNKNOWN,,UNKNOWN,,manual_topology_not_confirmed,40,10,1082,40,backend_map:fast_livo2_lio,same_bag_timestamp_se2_least_squares,0.2841928823232197,0.48486311219149847,rank_frequency,,30,1137.pcd,1137,UNKNOWN,,,,UNKNOWN,,,,0.8137430616084291,0.47117079115652744,20.10035024,16.3546953,8.934154679093382,14.437514819637354,False,,,,,False,,,,
fast_livo2_lio,HEADLAND_01,HEADLAND,1,1767659550.1209629,54,UNKNOWN,,UNKNOWN,,manual_topology_not_confirmed,40,10,1082,40,backend_map:fast_livo2_lio,same_bag_timestamp_se2_least_squares,0.2841928823232197,0.48486311219149847,rank_frequency,,31,1039.pcd,1039,UNKNOWN,,,,UNKNOWN,,,,0.80025990539083,0.5607588414972079,7.324347933,-19.70828785,33.90203032305452,135.70594204696206,False,,,,,False,,,,
fast_livo2_lio,HEADLAND_01,HEADLAND,1,1767659550.1209629,54,UNKNOWN,,UNKNOWN,,manual_topology_not_confirmed,40,10,1082,40,backend_map:fast_livo2_lio,same_bag_timestamp_se2_least_squares,0.2841928823232197,0.48486311219149847,rank_frequency,,32,1138.pcd,1138,UNKNOWN,,,,UNKNOWN,,,,0.7926873626350858,0.5303290268632334,20.33344656,16.09140623,8.584680146338826,3.3980354593757016,False,,,,,False,,,,
fast_livo2_lio,HEADLAND_01,HEADLAND,1,1767659550.1209629,54,UNKNOWN,,UNKNOWN,,manual_topology_not_confirmed,40,10,1082,40,backend_map:fast_livo2_lio,same_bag_timestamp_se2_least_squares,0.2841928823232197,0.48486311219149847,rank_frequency,,33,60.pcd,60,UNKNOWN,,,,UNKNOWN,,,,0.7761437023677584,0.5809411378552714,25.4123902,7.784623068,1.2853838921482192,72.15555382674987,False,,,,,False,,,,
fast_livo2_lio,HEADLAND_01,HEADLAND,1,1767659550.1209629,54,UNKNOWN,,UNKNOWN,,manual_topology_not_confirmed,40,10,1082,40,backend_map:fast_livo2_lio,same_bag_timestamp_se2_least_squares,0.2841928823232197,0.48486311219149847,rank_frequency,,34,1041.pcd,1041,UNKNOWN,,,,UNKNOWN,,,,0.7747451767765018,0.5609700174859973,6.94276227,-18.8684351,33.40003968029586,124.67823054360208,False,,,,,False,,,,
fast_livo2_lio,HEADLAND_01,HEADLAND,1,1767659550.1209629,54,UNKNOWN,,UNKNOWN,,manual_topology_not_confirmed,40,10,1082,40,backend_map:fast_livo2_lio,same_bag_timestamp_se2_least_squares,0.2841928823232197,0.48486311219149847,rank_frequency,,35,13.pcd,13,UNKNOWN,,,,UNKNOWN,,,,0.7665983244216343,0.5649693229064805,6.025168934,2.569949196,20.300338265138983,62.76515135010228,False,,,,,False,,,,
fast_livo2_lio,HEADLAND_01,HEADLAND,1,1767659550.1209629,54,UNKNOWN,,UNKNOWN,,manual_topology_not_confirmed,40,10,1082,40,backend_map:fast_livo2_lio,same_bag_timestamp_se2_least_squares,0.2841928823232197,0.48486311219149847,rank_frequency,,36,1016.pcd,1016,UNKNOWN,,,,UNKNOWN,,,,0.7564779042416084,0.5524000600414452,12.90720895,-25.92005895,37.09791445762226,109.05848384720706,False,,,,,False,,,,
fast_livo2_lio,HEADLAND_01,HEADLAND,1,1767659550.1209629,54,UNKNOWN,,UNKNOWN,,manual_topology_not_confirmed,40,10,1082,40,backend_map:fast_livo2_lio,same_bag_timestamp_se2_least_squares,0.2841928823232197,0.48486311219149847,rank_frequency,,37,1000.pcd,1000,UNKNOWN,,,,UNKNOWN,,,,0.7466408094842755,0.5346620693790061,21.24142994,-22.43756379,31.75376584545683,104.71272368203508,False,,,,,False,,,,
fast_livo2_lio,HEADLAND_01,HEADLAND,1,1767659550.1209629,54,UNKNOWN,,UNKNOWN,,manual_topology_not_confirmed,40,10,1082,40,backend_map:fast_livo2_lio,same_bag_timestamp_se2_least_squares,0.2841928823232197,0.48486311219149847,rank_frequency,,38,1015.pcd,1015,UNKNOWN,,,,UNKNOWN,,,,0.7399969245272696,0.5385628692267865,13.39499413,-25.7171374,36.74624821924248,107.82744261889403,False,,,,,False,,,,
fast_livo2_lio,HEADLAND_01,HEADLAND,1,1767659550.1209629,54,UNKNOWN,,UNKNOWN,,manual_topology_not_confirmed,40,10,1082,40,backend_map:fast_livo2_lio,same_bag_timestamp_se2_least_squares,0.2841928823232197,0.48486311219149847,rank_frequency,,39,1009.pcd,1009,UNKNOWN,,,,UNKNOWN,,,,0.7359308344060613,0.5847312025399042,16.52377966,-24.39719454,34.57981122780765,101.51973269159903,False,,,,,False,,,,
fast_livo2_lio,HEADLAND_01,HEADLAND,1,1767659550.1209629,54,UNKNOWN,,UNKNOWN,,manual_topology_not_confirmed,40,10,1082,40,backend_map:fast_livo2_lio,same_bag_timestamp_se2_least_squares,0.2841928823232197,0.48486311219149847,rank_frequency,,40,1002.pcd,1002,UNKNOWN,,,,UNKNOWN,,,,0.7299432831749194,0.5534234543456809,20.1940243,-22.80845658,32.269476495502616,104.71946620074442,False,,,,,False,,,,
fast_livo2_lio,HEADLAND_01,HEADLAND,3,1767659550.1209629,54,UNKNOWN,,UNKNOWN,,manual_topology_not_confirmed,40,10,1082,40,backend_map:fast_livo2_lio,same_bag_timestamp_se2_least_squares,0.2841928823232197,0.48486311219149847,rank_frequency,,1,59.pcd,59,UNKNOWN,,,,UNKNOWN,,,,0.8486944097701197,0.5326114355228616,25.52989575,7.94886016,1.1443878186806875,64.72751573776374,True,False,0.9679975617189881,128.372214,False,False,,,,
fast_livo2_lio,HEADLAND_01,HEADLAND,3,1767659550.1209629,54,UNKNOWN,,UNKNOWN,,manual_topology_not_confirmed,40,10,1082,40,backend_map:fast_livo2_lio,same_bag_timestamp_se2_least_squares,0.2841928823232197,0.48486311219149847,rank_frequency,,2,1147.pcd,1147,UNKNOWN,,,,UNKNOWN,,,,0.8378006356552719,0.46203766456461765,21.44833675,11.70086771,4.636441879510433,79.66666686440871,True,False,0.8122523620847303,192.076692,False,False,,,,
fast_livo2_lio,HEADLAND_01,HEADLAND,3,1767659550.1209629,54,UNKNOWN,,UNKNOWN,,manual_topology_not_confirmed,40,10,1082,40,backend_map:fast_livo2_lio,same_bag_timestamp_se2_least_squares,0.2841928823232197,0.48486311219149847,rank_frequency,,3,37.pcd,37,UNKNOWN,,,,UNKNOWN,,,,0.837448322579917,0.5600943658175723,18.2793224,7.414957924,7.171907809359879,60.970193895690024,True,False,0.8823529411764706,157.047678,False,False,,,,
fast_livo2_lio,HEADLAND_01,HEADLAND,3,1767659550.1209629,54,UNKNOWN,,UNKNOWN,,manual_topology_not_confirmed,40,10,1082,40,backend_map:fast_livo2_lio,same_bag_timestamp_se2_least_squares,0.2841928823232197,0.48486311219149847,rank_frequency,,4,36.pcd,36,UNKNOWN,,,,UNKNOWN,,,,0.8307630552174129,0.43977006297992677,17.76609487,7.251151891,7.709142634368104,54.591089371635825,True,False,0.9436147516001219,140.392373,False,False,,,,
fast_livo2_lio,HEADLAND_01,HEADLAND,3,1767659550.1209629,54,UNKNOWN,,UNKNOWN,,manual_topology_not_confirmed,40,10,1082,40,backend_map:fast_livo2_lio,same_bag_timestamp_se2_least_squares,0.2841928823232197,0.48486311219149847,rank_frequency,,5,1138.pcd,1138,UNKNOWN,,,,UNKNOWN,,,,0.8288854145718335,0.4230505931208528,20.33344656,16.09140623,8.584680146338826,3.3980354593757016,True,False,0.9728741237427614,114.495972,True,False,,,,
fast_livo2_lio,HEADLAND_01,HEADLAND,3,1767659550.1209629,54,UNKNOWN,,UNKNOWN,,manual_topology_not_confirmed,40,10,1082,40,backend_map:fast_livo2_lio,same_bag_timestamp_se2_least_squares,0.2841928823232197,0.48486311219149847,rank_frequency,,6,39.pcd,39,UNKNOWN,,,,UNKNOWN,,,,0.8240199432923403,0.5005271534719976,19.30364423,7.782527213,6.091804555842704,67.59937075604873,True,False,0.9372142639439195,135.857276,False,False,,,,
fast_livo2_lio,HEADLAND_01,HEADLAND,3,1767659550.1209629,54,UNKNOWN,,UNKNOWN,,manual_topology_not_confirmed,40,10,1082,40,backend_map:fast_livo2_lio,same_bag_timestamp_se2_least_squares,0.2841928823232197,0.48486311219149847,rank_frequency,,7,1161.pcd,1161,UNKNOWN,,,,UNKNOWN,,,,0.8209446072034429,0.48093018270289534,13.53677542,8.048258444,11.766681836327061,99.54482191694257,True,False,0.9463578177384944,182.11875,False,False,,,,
fast_livo2_lio,HEADLAND_01,HEADLAND,3,1767659550.1209629,54,UNKNOWN,,UNKNOWN,,manual_topology_not_confirmed,40,10,1082,40,backend_map:fast_livo2_lio,same_bag_timestamp_se2_least_squares,0.2841928823232197,0.48486311219149847,rank_frequency,,8,19.pcd,19,UNKNOWN,,,,UNKNOWN,,,,0.8186135458844881,0.5555954830799189,9.103887431,3.76473069,17.001856733237286,61.92006978385062,True,False,0.9713501981103322,187.854777,False,False,,,,
fast_livo2_lio,HEADLAND_01,HEADLAND,3,1767659550.1209629,54,UNKNOWN,,UNKNOWN,,manual_topology_not_confirmed,40,10,1082,40,backend_map:fast_livo2_lio,same_bag_timestamp_se2_least_squares,0.2841928823232197,0.48486311219149847,rank_frequency,,9,1160.pcd,1160,UNKNOWN,,,,UNKNOWN,,,,0.8181206473662264,0.5346426084458352,14.22225586,8.405176022,11.057006560998252,98.06176803603904,True,False,0.8985065528802194,269.663886,False,False,,,,
fast_livo2_lio,HEADLAND_01,HEADLAND,3,1767659550.1209629,54,UNKNOWN,,UNKNOWN,,manual_topology_not_confirmed,40,10,1082,40,backend_map:fast_livo2_lio,same_bag_timestamp_se2_least_squares,0.2841928823232197,0.48486311219149847,rank_frequency,,10,60.pcd,60,UNKNOWN,,,,UNKNOWN,,,,0.8177489053458153,0.5147360902695378,25.4123902,7.784623068,1.2853838921482192,72.15555382674987,True,False,0.9731789088692472,125.707763,False,True,0.10653049218371888,0.991161231331911,,False
fast_livo2_lio,HEADLAND_01,HEADLAND,3,1767659550.1209629,54,UNKNOWN,,UNKNOWN,,manual_topology_not_confirmed,40,10,1082,40,backend_map:fast_livo2_lio,same_bag_timestamp_se2_least_squares,0.2841928823232197,0.48486311219149847,rank_frequency,,11,1154.pcd,1154,UNKNOWN,,,,UNKNOWN,,,,0.8078626349598811,0.4470691996274489,18.03410208,9.840193241,7.26759872753723,91.84883022370114,False,,,,,False,,,,
fast_livo2_lio,HEADLAND_01,HEADLAND,3,1767659550.1209629,54,UNKNOWN,,UNKNOWN,,manual_topology_not_confirmed,40,10,1082,40,backend_map:fast_livo2_lio,same_bag_timestamp_se2_least_squares,0.2841928823232197,0.48486311219149847,rank_frequency,,12,35.pcd,35,UNKNOWN,,,,UNKNOWN,,,,0.8044101577775141,0.5088780283887603,17.26951124,7.021969343,8.246334757709079,58.37107785252551,False,,,,,False,,,,
fast_livo2_lio,HEADLAND_01,HEADLAND,3,1767659550.1209629,54,UNKNOWN,,UNKNOWN,,manual_topology_not_confirmed,40,10,1082,40,backend_map:fast_livo2_lio,same_bag_timestamp_se2_least_squares,0.2841928823232197,0.48486311219149847,rank_frequency,,13,1159.pcd,1159,UNKNOWN,,,,UNKNOWN,,,,0.8042442881628878,0.5043868942857975,15.21204596,8.798601076,10.051178340882998,95.46830833866034,False,,,,,False,,,,
fast_livo2_lio,HEADLAND_01,HEADLAND,3,1767659550.1209629,54,UNKNOWN,,UNKNOWN,,manual_topology_not_confirmed,40,10,1082,40,backend_map:fast_livo2_lio,same_bag_timestamp_se2_least_squares,0.2841928823232197,0.48486311219149847,rank_frequency,,14,1155.pcd,1155,UNKNOWN,,,,UNKNOWN,,,,0.8042204869197692,0.41972254020225097,17.35285811,9.534116581,7.921089492526797,94.33491258157363,False,,,,,False,,,,
fast_livo2_lio,HEADLAND_01,HEADLAND,3,1767659550.1209629,54,UNKNOWN,,UNKNOWN,,manual_topology_not_confirmed,40,10,1082,40,backend_map:fast_livo2_lio,same_bag_timestamp_se2_least_squares,0.2841928823232197,0.48486311219149847,rank_frequency,,15,1143.pcd,1143,UNKNOWN,,,,UNKNOWN,,,,0.8036318315938747,0.4447771690387837,21.15799009,14.11101732,6.506024582345842,47.709650841697226,False,,,,,False,,,,
fast_livo2_lio,HEADLAND_01,HEADLAND,3,1767659550.1209629,54,UNKNOWN,,UNKNOWN,,manual_topology_not_confirmed,40,10,1082,40,backend_map:fast_livo2_lio,same_bag_timestamp_se2_least_squares,0.2841928823232197,0.48486311219149847,rank_frequency,,16,34.pcd,34,UNKNOWN,,,,UNKNOWN,,,,0.8026639417708317,0.5488978326774003,16.75858822,6.748582575,8.810079926996362,55.557575007648964,False,,,,,False,,,,
fast_livo2_lio,HEADLAND_01,HEADLAND,3,1767659550.1209629,54,UNKNOWN,,UNKNOWN,,manual_topology_not_confirmed,40,10,1082,40,backend_map:fast_livo2_lio,same_bag_timestamp_se2_least_squares,0.2841928823232197,0.48486311219149847,rank_frequency,,17,5.pcd,5,UNKNOWN,,,,UNKNOWN,,,,0.8017955782652685,0.5432531117983326,1.992426258,0.7567987819,24.70483975646912,63.50958627892096,False,,,,,False,,,,
fast_livo2_lio,HEADLAND_01,HEADLAND,3,1767659550.1209629,54,UNKNOWN,,UNKNOWN,,manual_topology_not_confirmed,40,10,1082,40,backend_map:fast_livo2_lio,same_bag_timestamp_se2_least_squares,0.2841928823232197,0.48486311219149847,rank_frequency,,18,1156.pcd,1156,UNKNOWN,,,,UNKNOWN,,,,0.7998720427206685,0.522424230297685,16.79620679,9.368284981,8.469173338065067,99.19700856230367,False,,,,,False,,,,
fast_livo2_lio,HEADLAND_01,HEADLAND,3,1767659550.1209629,54,UNKNOWN,,UNKNOWN,,manual_topology_not_confirmed,40,10,1082,40,backend_map:fast_livo2_lio,same_bag_timestamp_se2_least_squares,0.2841928823232197,0.48486311219149847,rank_frequency,,19,8.pcd,8,UNKNOWN,,,,UNKNOWN,,,,0.7996781103667506,0.5253715990715319,3.531056588,1.570166064,22.98368298334216,60.33813817420395,False,,,,,False,,,,
fast_livo2_lio,HEADLAND_01,HEADLAND,3,1767659550.1209629,54,UNKNOWN,,UNKNOWN,,manual_topology_not_confirmed,40,10,1082,40,backend_map:fast_livo2_lio,same_bag_timestamp_se2_least_squares,0.2841928823232197,0.48486311219149847,rank_frequency,,20,1139.pcd,1139,UNKNOWN,,,,UNKNOWN,,,,0.7977349923888633,0.5086598267929601,20.41062654,15.89609558,8.38058147416599,4.275216220864253,False,,,,,False,,,,
fast_livo2_lio,HEADLAND_01,HEADLAND,3,1767659550.1209629,54,UNKNOWN,,UNKNOWN,,manual_topology_not_confirmed,40,10,1082,40,backend_map:fast_livo2_lio,same_bag_timestamp_se2_least_squares,0.2841928823232197,0.48486311219149847,rank_frequency,,21,7.pcd,7,UNKNOWN,,,,UNKNOWN,,,,0.7969698037376048,0.5278119482130884,3.032665476,1.276046359,23.55100347897952,64.5220760829207,False,,,,,False,,,,
fast_livo2_lio,HEADLAND_01,HEADLAND,3,1767659550.1209629,54,UNKNOWN,,UNKNOWN,,manual_topology_not_confirmed,40,10,1082,40,backend_map:fast_livo2_lio,same_bag_timestamp_se2_least_squares,0.2841928823232197,0.48486311219149847,rank_frequency,,22,33.pcd,33,UNKNOWN,,,,UNKNOWN,,,,0.796593304966265,0.5613877468697753,16.28408031,6.501010545,9.333631779487487,65.33500838303209,False,,,,,False,,,,
fast_livo2_lio,HEADLAND_01,HEADLAND,3,1767659550.1209629,54,UNKNOWN,,UNKNOWN,,manual_topology_not_confirmed,40,10,1082,40,backend_map:fast_livo2_lio,same_bag_timestamp_se2_least_squares,0.2841928823232197,0.48486311219149847,rank_frequency,,23,1158.pcd,1158,UNKNOWN,,,,UNKNOWN,,,,0.7954260805924805,0.45877298998391197,15.7633715,9.046762569,9.496439783056443,101.1360087647993,False,,,,,False,,,,
fast_livo2_lio,HEADLAND_01,HEADLAND,3,1767659550.1209629,54,UNKNOWN,,UNKNOWN,,manual_topology_not_confirmed,40,10,1082,40,backend_map:fast_livo2_lio,same_bag_timestamp_se2_least_squares,0.2841928823232197,0.48486311219149847,rank_frequency,,24,1149.pcd,1149,UNKNOWN,,,,UNKNOWN,,,,0.7949610680345645,0.5582593417718209,20.80155688,11.16349571,4.9291756091508985,96.1015722453814,False,,,,,False,,,,
fast_livo2_lio,HEADLAND_01,HEADLAND,3,1767659550.1209629,54,UNKNOWN,,UNKNOWN,,manual_topology_not_confirmed,40,10,1082,40,backend_map:fast_livo2_lio,same_bag_timestamp_se2_least_squares,0.2841928823232197,0.48486311219149847,rank_frequency,,25,1144.pcd,1144,UNKNOWN,,,,UNKNOWN,,,,0.7943263971658049,0.5198493777614265,21.50411028,13.19143412,5.58268537301268,41.38946051296872,False,,,,,False,,,,
fast_livo2_lio,HEADLAND_01,HEADLAND,3,1767659550.1209629,54,UNKNOWN,,UNKNOWN,,manual_topology_not_confirmed,40,10,1082,40,backend_map:fast_livo2_lio,same_bag_timestamp_se2_least_squares,0.2841928823232197,0.48486311219149847,rank_frequency,,26,11.pcd,11,UNKNOWN,,,,UNKNOWN,,,,0.7941779596432925,0.5688172808440412,4.996193452,2.143189543,21.411883244638375,55.10442262823765,False,,,,,False,,,,
fast_livo2_lio,HEADLAND_01,HEADLAND,3,1767659550.1209629,54,UNKNOWN,,UNKNOWN,,manual_topology_not_confirmed,40,10,1082,40,backend_map:fast_livo2_lio,same_bag_timestamp_se2_least_squares,0.2841928823232197,0.48486311219149847,rank_frequency,,27,1153.pcd,1153,UNKNOWN,,,,UNKNOWN,,,,0.7941470796586865,0.49705417623534304,18.66539756,10.16493517,6.6861803444294505,91.9271595706146,False,,,,,False,,,,
fast_livo2_lio,HEADLAND_01,HEADLAND,3,1767659550.1209629,54,UNKNOWN,,UNKNOWN,,manual_topology_not_confirmed,40,10,1082,40,backend_map:fast_livo2_lio,same_bag_timestamp_se2_least_squares,0.2841928823232197,0.48486311219149847,rank_frequency,,28,1148.pcd,1148,UNKNOWN,,,,UNKNOWN,,,,0.7938619308419917,0.5228566339917315,21.05168268,11.29885593,4.766196039925065,86.4993964689652,False,,,,,False,,,,
fast_livo2_lio,HEADLAND_01,HEADLAND,3,1767659550.1209629,54,UNKNOWN,,UNKNOWN,,manual_topology_not_confirmed,40,10,1082,40,backend_map:fast_livo2_lio,same_bag_timestamp_se2_least_squares,0.2841928823232197,0.48486311219149847,rank_frequency,,29,28.pcd,28,UNKNOWN,,,,UNKNOWN,,,,0.7925128856948519,0.4850621949999507,13.61232432,5.575502849,12.157788617796797,57.443399503375836,False,,,,,False,,,,
fast_livo2_lio,HEADLAND_01,HEADLAND,3,1767659550.1209629,54,UNKNOWN,,UNKNOWN,,manual_topology_not_confirmed,40,10,1082,40,backend_map:fast_livo2_lio,same_bag_timestamp_se2_least_squares,0.2841928823232197,0.48486311219149847,rank_frequency,,30,29.pcd,29,UNKNOWN,,,,UNKNOWN,,,,0.7922089268458998,0.5624747219757056,14.13579162,5.789800953,11.594989611116457,59.88837854844055,False,,,,,False,,,,
fast_livo2_lio,HEADLAND_01,HEADLAND,3,1767659550.1209629,54,UNKNOWN,,UNKNOWN,,manual_topology_not_confirmed,40,10,1082,40,backend_map:fast_livo2_lio,same_bag_timestamp_se2_least_squares,0.2841928823232197,0.48486311219149847,rank_frequency,,31,9.pcd,9,UNKNOWN,,,,UNKNOWN,,,,0.7887571825957436,0.5364218006568789,4.05803356,1.819583373,22.404282075942433,56.567559509116045,False,,,,,False,,,,
fast_livo2_lio,HEADLAND_01,HEADLAND,3,1767659550.1209629,54,UNKNOWN,,UNKNOWN,,manual_topology_not_confirmed,40,10,1082,40,backend_map:fast_livo2_lio,same_bag_timestamp_se2_least_squares,0.2841928823232197,0.48486311219149847,rank_frequency,,32,42.pcd,42,UNKNOWN,,,,UNKNOWN,,,,0.7850974252406483,0.5501675000536531,20.81399994,8.443005493,4.488536542617258,63.5910928071802,False,,,,,False,,,,
fast_livo2_lio,HEADLAND_01,HEADLAND,3,1767659550.1209629,54,UNKNOWN,,UNKNOWN,,manual_topology_not_confirmed,40,10,1082,40,backend_map:fast_livo2_lio,same_bag_timestamp_se2_least_squares,0.2841928823232197,0.48486311219149847,rank_frequency,,33,1146.pcd,1146,UNKNOWN,,,,UNKNOWN,,,,0.7836900008049698,0.32850877035489867,21.60997206,12.03506217,4.708161442303568,41.34721216437606,False,,,,,False,,,,
fast_livo2_lio,HEADLAND_01,HEADLAND,3,1767659550.1209629,54,UNKNOWN,,UNKNOWN,,manual_topology_not_confirmed,40,10,1082,40,backend_map:fast_livo2_lio,same_bag_timestamp_se2_least_squares,0.2841928823232197,0.48486311219149847,rank_frequency,,34,30.pcd,30,UNKNOWN,,,,UNKNOWN,,,,0.7787561488821145,0.4788790926049555,14.67809867,5.976474907,11.022078135478168,57.30489389441519,False,,,,,False,,,,
fast_livo2_lio,HEADLAND_01,HEADLAND,3,1767659550.1209629,54,UNKNOWN,,UNKNOWN,,manual_topology_not_confirmed,40,10,1082,40,backend_map:fast_livo2_lio,same_bag_timestamp_se2_least_squares,0.2841928823232197,0.48486311219149847,rank_frequency,,35,1001.pcd,1001,UNKNOWN,,,,UNKNOWN,,,,0.7778546100430153,0.5567391380918506,20.69914513,-22.64121552,32.02850036490897,111.59501944996045,False,,,,,False,,,,
fast_livo2_lio,HEADLAND_01,HEADLAND,3,1767659550.1209629,54,UNKNOWN,,UNKNOWN,,manual_topology_not_confirmed,40,10,1082,40,backend_map:fast_livo2_lio,same_bag_timestamp_se2_least_squares,0.2841928823232197,0.48486311219149847,rank_frequency,,36,27.pcd,27,UNKNOWN,,,,UNKNOWN,,,,0.7767181979872037,0.5091830924534689,13.10483481,5.317740696,12.71827705771492,63.23057151396587,False,,,,,False,,,,
fast_livo2_lio,HEADLAND_01,HEADLAND,3,1767659550.1209629,54,UNKNOWN,,UNKNOWN,,manual_topology_not_confirmed,40,10,1082,40,backend_map:fast_livo2_lio,same_bag_timestamp_se2_least_squares,0.2841928823232197,0.48486311219149847,rank_frequency,,37,1152.pcd,1152,UNKNOWN,,,,UNKNOWN,,,,0.7754201219451341,0.5515542675325397,18.98159161,10.31641075,6.402512973891657,102.11147934173277,False,,,,,False,,,,
fast_livo2_lio,HEADLAND_01,HEADLAND,3,1767659550.1209629,54,UNKNOWN,,UNKNOWN,,manual_topology_not_confirmed,40,10,1082,40,backend_map:fast_livo2_lio,same_bag_timestamp_se2_least_squares,0.2841928823232197,0.48486311219149847,rank_frequency,,38,1145.pcd,1145,UNKNOWN,,,,UNKNOWN,,,,0.7716739821240832,0.3823142468818786,21.63222654,12.7014568,5.13934031243805,42.784015649045514,False,,,,,False,,,,
fast_livo2_lio,HEADLAND_01,HEADLAND,3,1767659550.1209629,54,UNKNOWN,,UNKNOWN,,manual_topology_not_confirmed,40,10,1082,40,backend_map:fast_livo2_lio,same_bag_timestamp_se2_least_squares,0.2841928823232197,0.48486311219149847,rank_frequency,,39,1151.pcd,1151,UNKNOWN,,,,UNKNOWN,,,,0.7663317291390143,0.48681749014549025,19.43143083,10.6094569,6.030577842970811,103.81904537509006,False,,,,,False,,,,
fast_livo2_lio,HEADLAND_01,HEADLAND,3,1767659550.1209629,54,UNKNOWN,,UNKNOWN,,manual_topology_not_confirmed,40,10,1082,40,backend_map:fast_livo2_lio,same_bag_timestamp_se2_least_squares,0.2841928823232197,0.48486311219149847,rank_frequency,,40,1002.pcd,1002,UNKNOWN,,,,UNKNOWN,,,,0.7578656046246451,0.5331945710572585,20.1940243,-22.80845658,32.269476495502616,104.71946620074442,False,,,,,False,,,,
fast_livo2_lio,HEADLAND_01,HEADLAND,5,1767659550.1209629,54,UNKNOWN,,UNKNOWN,,manual_topology_not_confirmed,40,10,1082,40,backend_map:fast_livo2_lio,same_bag_timestamp_se2_least_squares,0.2841928823232197,0.48486311219149847,rank_frequency,,1,1147.pcd,1147,UNKNOWN,,,,UNKNOWN,,,,0.8434514640222136,0.406327521415374,21.44833675,11.70086771,4.636441879510433,79.66666686440871,True,False,0.8060354756968441,294.934925,False,False,,,,
fast_livo2_lio,HEADLAND_01,HEADLAND,5,1767659550.1209629,54,UNKNOWN,,UNKNOWN,,manual_topology_not_confirmed,40,10,1082,40,backend_map:fast_livo2_lio,same_bag_timestamp_se2_least_squares,0.2841928823232197,0.48486311219149847,rank_frequency,,2,1138.pcd,1138,UNKNOWN,,,,UNKNOWN,,,,0.8360512381122717,0.6053736462575705,20.33344656,16.09140623,8.584680146338826,3.3980354593757016,True,False,0.967979728173232,131.527467,True,True,0.08730632247509602,0.9970052983183598,,True
fast_livo2_lio,HEADLAND_01,HEADLAND,5,1767659550.1209629,54,UNKNOWN,,UNKNOWN,,manual_topology_not_confirmed,40,10,1082,40,backend_map:fast_livo2_lio,same_bag_timestamp_se2_least_squares,0.2841928823232197,0.48486311219149847,rank_frequency,,3,36.pcd,36,UNKNOWN,,,,UNKNOWN,,,,0.8333189915995046,0.5943857924864951,17.76609487,7.251151891,7.709142634368104,54.591089371635825,True,False,0.8822851877447593,202.262317,False,False,,,,
fast_livo2_lio,HEADLAND_01,HEADLAND,5,1767659550.1209629,54,UNKNOWN,,UNKNOWN,,manual_topology_not_confirmed,40,10,1082,40,backend_map:fast_livo2_lio,same_bag_timestamp_se2_least_squares,0.2841928823232197,0.48486311219149847,rank_frequency,,4,39.pcd,39,UNKNOWN,,,,UNKNOWN,,,,0.8328084790029522,0.5391972535810167,19.30364423,7.782527213,6.091804555842704,67.59937075604873,True,False,0.9290486063119097,183.629268,False,False,,,,
fast_livo2_lio,HEADLAND_01,HEADLAND,5,1767659550.1209629,54,UNKNOWN,,UNKNOWN,,manual_topology_not_confirmed,40,10,1082,40,backend_map:fast_livo2_lio,same_bag_timestamp_se2_least_squares,0.2841928823232197,0.48486311219149847,rank_frequency,,5,19.pcd,19,UNKNOWN,,,,UNKNOWN,,,,0.8320401315425031,0.7024094804316411,9.103887431,3.76473069,17.001856733237286,61.92006978385062,True,False,0.9645243031559548,285.438902,False,False,,,,
fast_livo2_lio,HEADLAND_01,HEADLAND,5,1767659550.1209629,54,UNKNOWN,,UNKNOWN,,manual_topology_not_confirmed,40,10,1082,40,backend_map:fast_livo2_lio,same_bag_timestamp_se2_least_squares,0.2841928823232197,0.48486311219149847,rank_frequency,,6,40.pcd,40,UNKNOWN,,,,UNKNOWN,,,,0.8282957687400223,0.6240469776144332,19.82712609,8.054428535,5.525122115436127,64.46196128206704,True,False,0.8815941027413039,186.562264,False,False,,,,
fast_livo2_lio,HEADLAND_01,HEADLAND,5,1767659550.1209629,54,UNKNOWN,,UNKNOWN,,manual_topology_not_confirmed,40,10,1082,40,backend_map:fast_livo2_lio,same_bag_timestamp_se2_least_squares,0.2841928823232197,0.48486311219149847,rank_frequency,,7,26.pcd,26,UNKNOWN,,,,UNKNOWN,,,,0.8245911634465852,0.6388585312001818,12.60428487,5.103775873,13.259753160544811,57.04765873872283,True,False,0.8762957843814789,215.250727,False,False,,,,
fast_livo2_lio,HEADLAND_01,HEADLAND,5,1767659550.1209629,54,UNKNOWN,,UNKNOWN,,manual_topology_not_confirmed,40,10,1082,40,backend_map:fast_livo2_lio,same_bag_timestamp_se2_least_squares,0.2841928823232197,0.48486311219149847,rank_frequency,,8,41.pcd,41,UNKNOWN,,,,UNKNOWN,,,,0.8234135711642735,0.6202741900921687,20.30820547,8.243440718,5.01862176366547,61.827393872698856,True,False,0.8776779543883898,121.954228,False,False,,,,
fast_livo2_lio,HEADLAND_01,HEADLAND,5,1767659550.1209629,54,UNKNOWN,,UNKNOWN,,manual_topology_not_confirmed,40,10,1082,40,backend_map:fast_livo2_lio,same_bag_timestamp_se2_least_squares,0.2841928823232197,0.48486311219149847,rank_frequency,,9,1161.pcd,1161,UNKNOWN,,,,UNKNOWN,,,,0.8220666641741836,0.6536068052728213,13.53677542,8.048258444,11.766681836327061,99.54482191694257,True,False,0.9191430545957153,381.708375,False,False,,,,
fast_livo2_lio,HEADLAND_01,HEADLAND,5,1767659550.1209629,54,UNKNOWN,,UNKNOWN,,manual_topology_not_confirmed,40,10,1082,40,backend_map:fast_livo2_lio,same_bag_timestamp_se2_least_squares,0.2841928823232197,0.48486311219149847,rank_frequency,,10,5.pcd,5,UNKNOWN,,,,UNKNOWN,,,,0.8220661633005012,0.6919239300732026,1.992426258,0.7567987819,24.70483975646912,63.50958627892096,True,False,0.9668279198341396,267.563184,False,False,,,,
fast_livo2_lio,HEADLAND_01,HEADLAND,5,1767659550.1209629,54,UNKNOWN,,UNKNOWN,,manual_topology_not_confirmed,40,10,1082,40,backend_map:fast_livo2_lio,same_bag_timestamp_se2_least_squares,0.2841928823232197,0.48486311219149847,rank_frequency,,11,25.pcd,25,UNKNOWN,,,,UNKNOWN,,,,0.8214584241835571,0.6608643352261603,12.14943041,4.864872572,13.765486022813612,61.723032802845744,False,,,,,False,,,,
fast_livo2_lio,HEADLAND_01,HEADLAND,5,1767659550.1209629,54,UNKNOWN,,UNKNOWN,,manual_topology_not_confirmed,40,10,1082,40,backend_map:fast_livo2_lio,same_bag_timestamp_se2_least_squares,0.2841928823232197,0.48486311219149847,rank_frequency,,12,1143.pcd,1143,UNKNOWN,,,,UNKNOWN,,,,0.8182124381986167,0.5034752499408548,21.15799009,14.11101732,6.506024582345842,47.709650841697226,False,,,,,False,,,,
fast_livo2_lio,HEADLAND_01,HEADLAND,5,1767659550.1209629,54,UNKNOWN,,UNKNOWN,,manual_topology_not_confirmed,40,10,1082,40,backend_map:fast_livo2_lio,same_bag_timestamp_se2_least_squares,0.2841928823232197,0.48486311219149847,rank_frequency,,13,8.pcd,8,UNKNOWN,,,,UNKNOWN,,,,0.8164663934499218,0.6875847718369076,3.531056588,1.570166064,22.98368298334216,60.33813817420395,False,,,,,False,,,,
fast_livo2_lio,HEADLAND_01,HEADLAND,5,1767659550.1209629,54,UNKNOWN,,UNKNOWN,,manual_topology_not_confirmed,40,10,1082,40,backend_map:fast_livo2_lio,same_bag_timestamp_se2_least_squares,0.2841928823232197,0.48486311219149847,rank_frequency,,14,1159.pcd,1159,UNKNOWN,,,,UNKNOWN,,,,0.8141127528696244,0.6087933368944047,15.21204596,8.798601076,10.051178340882998,95.46830833866034,False,,,,,False,,,,
fast_livo2_lio,HEADLAND_01,HEADLAND,5,1767659550.1209629,54,UNKNOWN,,UNKNOWN,,manual_topology_not_confirmed,40,10,1082,40,backend_map:fast_livo2_lio,same_bag_timestamp_se2_least_squares,0.2841928823232197,0.48486311219149847,rank_frequency,,15,1142.pcd,1142,UNKNOWN,,,,UNKNOWN,,,,0.8133022498588822,0.5525187684801929,20.9477141,14.67787078,7.081260627898489,36.076386224255515,False,,,,,False,,,,
fast_livo2_lio,HEADLAND_01,HEADLAND,5,1767659550.1209629,54,UNKNOWN,,UNKNOWN,,manual_topology_not_confirmed,40,10,1082,40,backend_map:fast_livo2_lio,same_bag_timestamp_se2_least_squares,0.2841928823232197,0.48486311219149847,rank_frequency,,16,35.pcd,35,UNKNOWN,,,,UNKNOWN,,,,0.8123367764469036,0.6559596395473909,17.26951124,7.021969343,8.246334757709079,58.37107785252551,False,,,,,False,,,,
fast_livo2_lio,HEADLAND_01,HEADLAND,5,1767659550.1209629,54,UNKNOWN,,UNKNOWN,,manual_topology_not_confirmed,40,10,1082,40,backend_map:fast_livo2_lio,same_bag_timestamp_se2_least_squares,0.2841928823232197,0.48486311219149847,rank_frequency,,17,7.pcd,7,UNKNOWN,,,,UNKNOWN,,,,0.8120403454160711,0.6605224094698887,3.032665476,1.276046359,23.55100347897952,64.5220760829207,False,,,,,False,,,,
fast_livo2_lio,HEADLAND_01,HEADLAND,5,1767659550.1209629,54,UNKNOWN,,UNKNOWN,,manual_topology_not_confirmed,40,10,1082,40,backend_map:fast_livo2_lio,same_bag_timestamp_se2_least_squares,0.2841928823232197,0.48486311219149847,rank_frequency,,18,1155.pcd,1155,UNKNOWN,,,,UNKNOWN,,,,0.8104200007481752,0.5074479481756653,17.35285811,9.534116581,7.921089492526797,94.33491258157363,False,,,,,False,,,,
fast_livo2_lio,HEADLAND_01,HEADLAND,5,1767659550.1209629,54,UNKNOWN,,UNKNOWN,,manual_topology_not_confirmed,40,10,1082,40,backend_map:fast_livo2_lio,same_bag_timestamp_se2_least_squares,0.2841928823232197,0.48486311219149847,rank_frequency,,19,1156.pcd,1156,UNKNOWN,,,,UNKNOWN,,,,0.8098642666851619,0.6289374955436187,16.79620679,9.368284981,8.469173338065067,99.19700856230367,False,,,,,False,,,,
fast_livo2_lio,HEADLAND_01,HEADLAND,5,1767659550.1209629,54,UNKNOWN,,UNKNOWN,,manual_topology_not_confirmed,40,10,1082,40,backend_map:fast_livo2_lio,same_bag_timestamp_se2_least_squares,0.2841928823232197,0.48486311219149847,rank_frequency,,20,1158.pcd,1158,UNKNOWN,,,,UNKNOWN,,,,0.8092306114796579,0.6140473465944313,15.7633715,9.046762569,9.496439783056443,101.1360087647993,False,,,,,False,,,,
fast_livo2_lio,HEADLAND_01,HEADLAND,5,1767659550.1209629,54,UNKNOWN,,UNKNOWN,,manual_topology_not_confirmed,40,10,1082,40,backend_map:fast_livo2_lio,same_bag_timestamp_se2_least_squares,0.2841928823232197,0.48486311219149847,rank_frequency,,21,1154.pcd,1154,UNKNOWN,,,,UNKNOWN,,,,0.808405288663142,0.5135646651380859,18.03410208,9.840193241,7.26759872753723,91.84883022370114,False,,,,,False,,,,
fast_livo2_lio,HEADLAND_01,HEADLAND,5,1767659550.1209629,54,UNKNOWN,,UNKNOWN,,manual_topology_not_confirmed,40,10,1082,40,backend_map:fast_livo2_lio,same_bag_timestamp_se2_least_squares,0.2841928823232197,0.48486311219149847,rank_frequency,,22,1141.pcd,1141,UNKNOWN,,,,UNKNOWN,,,,0.8071073742521302,0.5308531279604121,20.66988496,15.21855539,7.680092947322517,35.367395087255794,False,,,,,False,,,,
fast_livo2_lio,HEADLAND_01,HEADLAND,5,1767659550.1209629,54,UNKNOWN,,UNKNOWN,,manual_topology_not_confirmed,40,10,1082,40,backend_map:fast_livo2_lio,same_bag_timestamp_se2_least_squares,0.2841928823232197,0.48486311219149847,rank_frequency,,23,28.pcd,28,UNKNOWN,,,,UNKNOWN,,,,0.8058170975991121,0.6260184152588122,13.61232432,5.575502849,12.157788617796797,57.443399503375836,False,,,,,False,,,,
fast_livo2_lio,HEADLAND_01,HEADLAND,5,1767659550.1209629,54,UNKNOWN,,UNKNOWN,,manual_topology_not_confirmed,40,10,1082,40,backend_map:fast_livo2_lio,same_bag_timestamp_se2_least_squares,0.2841928823232197,0.48486311219149847,rank_frequency,,24,9.pcd,9,UNKNOWN,,,,UNKNOWN,,,,0.8055874157581915,0.6923499792470184,4.05803356,1.819583373,22.404282075942433,56.567559509116045,False,,,,,False,,,,
fast_livo2_lio,HEADLAND_01,HEADLAND,5,1767659550.1209629,54,UNKNOWN,,UNKNOWN,,manual_topology_not_confirmed,40,10,1082,40,backend_map:fast_livo2_lio,same_bag_timestamp_se2_least_squares,0.2841928823232197,0.48486311219149847,rank_frequency,,25,1139.pcd,1139,UNKNOWN,,,,UNKNOWN,,,,0.8053122161215349,0.5523070636711174,20.41062654,15.89609558,8.38058147416599,4.275216220864253,False,,,,,False,,,,
fast_livo2_lio,HEADLAND_01,HEADLAND,5,1767659550.1209629,54,UNKNOWN,,UNKNOWN,,manual_topology_not_confirmed,40,10,1082,40,backend_map:fast_livo2_lio,same_bag_timestamp_se2_least_squares,0.2841928823232197,0.48486311219149847,rank_frequency,,26,1144.pcd,1144,UNKNOWN,,,,UNKNOWN,,,,0.8036323894600033,0.4508606920265205,21.50411028,13.19143412,5.58268537301268,41.38946051296872,False,,,,,False,,,,
fast_livo2_lio,HEADLAND_01,HEADLAND,5,1767659550.1209629,54,UNKNOWN,,UNKNOWN,,manual_topology_not_confirmed,40,10,1082,40,backend_map:fast_livo2_lio,same_bag_timestamp_se2_least_squares,0.2841928823232197,0.48486311219149847,rank_frequency,,27,1148.pcd,1148,UNKNOWN,,,,UNKNOWN,,,,0.8022720507382141,0.31467925318686396,21.05168268,11.29885593,4.766196039925065,86.4993964689652,False,,,,,False,,,,
fast_livo2_lio,HEADLAND_01,HEADLAND,5,1767659550.1209629,54,UNKNOWN,,UNKNOWN,,manual_topology_not_confirmed,40,10,1082,40,backend_map:fast_livo2_lio,same_bag_timestamp_se2_least_squares,0.2841928823232197,0.48486311219149847,rank_frequency,,28,1149.pcd,1149,UNKNOWN,,,,UNKNOWN,,,,0.7995314040925952,0.40638077801837513,20.80155688,11.16349571,4.9291756091508985,96.1015722453814,False,,,,,False,,,,
fast_livo2_lio,HEADLAND_01,HEADLAND,5,1767659550.1209629,54,UNKNOWN,,UNKNOWN,,manual_topology_not_confirmed,40,10,1082,40,backend_map:fast_livo2_lio,same_bag_timestamp_se2_least_squares,0.2841928823232197,0.48486311219149847,rank_frequency,,29,1150.pcd,1150,UNKNOWN,,,,UNKNOWN,,,,0.7987481977524024,0.47686335234447347,20.31656422,10.9593957,5.2952625638264,102.16359677183803,False,,,,,False,,,,
fast_livo2_lio,HEADLAND_01,HEADLAND,5,1767659550.1209629,54,UNKNOWN,,UNKNOWN,,manual_topology_not_confirmed,40,10,1082,40,backend_map:fast_livo2_lio,same_bag_timestamp_se2_least_squares,0.2841928823232197,0.48486311219149847,rank_frequency,,30,42.pcd,42,UNKNOWN,,,,UNKNOWN,,,,0.7983526726786686,0.6593004378110262,20.81399994,8.443005493,4.488536542617258,63.5910928071802,False,,,,,False,,,,
fast_livo2_lio,HEADLAND_01,HEADLAND,5,1767659550.1209629,54,UNKNOWN,,UNKNOWN,,manual_topology_not_confirmed,40,10,1082,40,backend_map:fast_livo2_lio,same_bag_timestamp_se2_least_squares,0.2841928823232197,0.48486311219149847,rank_frequency,,31,63.pcd,63,UNKNOWN,,,,UNKNOWN,,,,0.7976790416141565,0.6942259835309781,24.7351305,7.286562604,1.8503013706789802,105.5990986631391,False,,,,,False,,,,
fast_livo2_lio,HEADLAND_01,HEADLAND,5,1767659550.1209629,54,UNKNOWN,,UNKNOWN,,manual_topology_not_confirmed,40,10,1082,40,backend_map:fast_livo2_lio,same_bag_timestamp_se2_least_squares,0.2841928823232197,0.48486311219149847,rank_frequency,,32,27.pcd,27,UNKNOWN,,,,UNKNOWN,,,,0.7944038683076144,0.5802963543658791,13.10483481,5.317740696,12.71827705771492,63.23057151396587,False,,,,,False,,,,
fast_livo2_lio,HEADLAND_01,HEADLAND,5,1767659550.1209629,54,UNKNOWN,,UNKNOWN,,manual_topology_not_confirmed,40,10,1082,40,backend_map:fast_livo2_lio,same_bag_timestamp_se2_least_squares,0.2841928823232197,0.48486311219149847,rank_frequency,,33,1153.pcd,1153,UNKNOWN,,,,UNKNOWN,,,,0.7934359975573224,0.44693953561254285,18.66539756,10.16493517,6.6861803444294505,91.9271595706146,False,,,,,False,,,,
fast_livo2_lio,HEADLAND_01,HEADLAND,5,1767659550.1209629,54,UNKNOWN,,UNKNOWN,,manual_topology_not_confirmed,40,10,1082,40,backend_map:fast_livo2_lio,same_bag_timestamp_se2_least_squares,0.2841928823232197,0.48486311219149847,rank_frequency,,34,30.pcd,30,UNKNOWN,,,,UNKNOWN,,,,0.7909640377210753,0.6303703949280933,14.67809867,5.976474907,11.022078135478168,57.30489389441519,False,,,,,False,,,,
fast_livo2_lio,HEADLAND_01,HEADLAND,5,1767659550.1209629,54,UNKNOWN,,UNKNOWN,,manual_topology_not_confirmed,40,10,1082,40,backend_map:fast_livo2_lio,same_bag_timestamp_se2_least_squares,0.2841928823232197,0.48486311219149847,rank_frequency,,35,1140.pcd,1140,UNKNOWN,,,,UNKNOWN,,,,0.7863119850242655,0.5137456496498055,20.55408922,15.53292507,8.001912217867783,23.85119752731173,False,,,,,False,,,,
fast_livo2_lio,HEADLAND_01,HEADLAND,5,1767659550.1209629,54,UNKNOWN,,UNKNOWN,,manual_topology_not_confirmed,40,10,1082,40,backend_map:fast_livo2_lio,same_bag_timestamp_se2_least_squares,0.2841928823232197,0.48486311219149847,rank_frequency,,36,1152.pcd,1152,UNKNOWN,,,,UNKNOWN,,,,0.7855069391049504,0.5035271408901338,18.98159161,10.31641075,6.402512973891657,102.11147934173277,False,,,,,False,,,,
fast_livo2_lio,HEADLAND_01,HEADLAND,5,1767659550.1209629,54,UNKNOWN,,UNKNOWN,,manual_topology_not_confirmed,40,10,1082,40,backend_map:fast_livo2_lio,same_bag_timestamp_se2_least_squares,0.2841928823232197,0.48486311219149847,rank_frequency,,37,1146.pcd,1146,UNKNOWN,,,,UNKNOWN,,,,0.7850276128494562,0.33485246817762426,21.60997206,12.03506217,4.708161442303568,41.34721216437606,False,,,,,False,,,,
fast_livo2_lio,HEADLAND_01,HEADLAND,5,1767659550.1209629,54,UNKNOWN,,UNKNOWN,,manual_topology_not_confirmed,40,10,1082,40,backend_map:fast_livo2_lio,same_bag_timestamp_se2_least_squares,0.2841928823232197,0.48486311219149847,rank_frequency,,38,1145.pcd,1145,UNKNOWN,,,,UNKNOWN,,,,0.7719516759885287,0.41177563093631586,21.63222654,12.7014568,5.13934031243805,42.784015649045514,False,,,,,False,,,,
fast_livo2_lio,HEADLAND_01,HEADLAND,5,1767659550.1209629,54,UNKNOWN,,UNKNOWN,,manual_topology_not_confirmed,40,10,1082,40,backend_map:fast_livo2_lio,same_bag_timestamp_se2_least_squares,0.2841928823232197,0.48486311219149847,rank_frequency,,39,64.pcd,64,UNKNOWN,,,,UNKNOWN,,,,0.7713332247009165,0.6788006060370932,24.22738775,7.093687942,2.221681755695664,111.71165775135259,False,,,,,False,,,,
fast_livo2_lio,HEADLAND_01,HEADLAND,5,1767659550.1209629,54,UNKNOWN,,UNKNOWN,,manual_topology_not_confirmed,40,10,1082,40,backend_map:fast_livo2_lio,same_bag_timestamp_se2_least_squares,0.2841928823232197,0.48486311219149847,rank_frequency,,40,1151.pcd,1151,UNKNOWN,,,,UNKNOWN,,,,0.7686675358396641,0.5143093244191246,19.43143083,10.6094569,6.030577842970811,103.81904537509006,False,,,,,False,,,,
fast_livo2_lio,MIDDLE_01,ROW_MIDDLE,1,1767659531.1461039,22,UNKNOWN,,UNKNOWN,,manual_topology_not_confirmed,40,10,1082,40,backend_map:fast_livo2_lio,same_bag_timestamp_se2_least_squares,0.2841928823232197,0.48486311219149847,rank_frequency,,1,5.pcd,5,UNKNOWN,,,,UNKNOWN,,,,0.9523335193004736,0.9724384437825151,1.992426258,0.7567987819,9.375882613151665,2.1105800195090025,True,False,0.9103385178408051,970.755082,False,False,,,,
fast_livo2_lio,MIDDLE_01,ROW_MIDDLE,1,1767659531.1461039,22,UNKNOWN,,UNKNOWN,,manual_topology_not_confirmed,40,10,1082,40,backend_map:fast_livo2_lio,same_bag_timestamp_se2_least_squares,0.2841928823232197,0.48486311219149847,rank_frequency,,2,19.pcd,19,UNKNOWN,,,,UNKNOWN,,,,0.9510447832072538,0.9909476345663678,9.103887431,3.76473069,1.6546044566609361,0.5210635244386592,True,False,0.8987496187862153,1664.356141,False,False,,,,
fast_livo2_lio,MIDDLE_01,ROW_MIDDLE,1,1767659531.1461039,22,UNKNOWN,,UNKNOWN,,manual_topology_not_confirmed,40,10,1082,40,backend_map:fast_livo2_lio,same_bag_timestamp_se2_least_squares,0.2841928823232197,0.48486311219149847,rank_frequency,,3,25.pcd,25,UNKNOWN,,,,UNKNOWN,,,,0.9479453164141501,0.8389884379344893,12.14943041,4.864872572,1.586043351956494,0.32402654343378645,True,False,0.8835010673985971,174.017257,False,False,,,,
fast_livo2_lio,MIDDLE_01,ROW_MIDDLE,1,1767659531.1461039,22,UNKNOWN,,UNKNOWN,,manual_topology_not_confirmed,40,10,1082,40,backend_map:fast_livo2_lio,same_bag_timestamp_se2_least_squares,0.2841928823232197,0.48486311219149847,rank_frequency,,4,40.pcd,40,UNKNOWN,,,,UNKNOWN,,,,0.9412571313074309,0.8743755262214282,19.82712609,8.054428535,9.89484615310762,3.0629550226550784,True,False,0.8914303141201586,161.930365,False,False,,,,
fast_livo2_lio,MIDDLE_01,ROW_MIDDLE,1,1767659531.1461039,22,UNKNOWN,,UNKNOWN,,manual_topology_not_confirmed,40,10,1082,40,backend_map:fast_livo2_lio,same_bag_timestamp_se2_least_squares,0.2841928823232197,0.48486311219149847,rank_frequency,,5,39.pcd,39,UNKNOWN,,,,UNKNOWN,,,,0.9351073805616499,0.9143156258243245,19.30364423,7.782527213,9.308049508673015,6.200364496636768,True,False,0.8981396767307106,142.105078,False,False,,,,
fast_livo2_lio,MIDDLE_01,ROW_MIDDLE,1,1767659531.1461039,22,UNKNOWN,,UNKNOWN,,manual_topology_not_confirmed,40,10,1082,40,backend_map:fast_livo2_lio,same_bag_timestamp_se2_least_squares,0.2841928823232197,0.48486311219149847,rank_frequency,,6,26.pcd,26,UNKNOWN,,,,UNKNOWN,,,,0.9311234372166444,0.7715311507402928,12.60428487,5.103775873,2.093745460869517,4.35134752068913,True,False,0.9002744739249772,280.787792,False,False,,,,
fast_livo2_lio,MIDDLE_01,ROW_MIDDLE,1,1767659531.1461039,22,UNKNOWN,,UNKNOWN,,manual_topology_not_confirmed,40,10,1082,40,backend_map:fast_livo2_lio,same_bag_timestamp_se2_least_squares,0.2841928823232197,0.48486311219149847,rank_frequency,,7,6.pcd,6,UNKNOWN,,,,UNKNOWN,,,,0.931079411688549,0.9752426783322723,2.471733972,1.014873231,8.834197620564103,3.3222867648967864,True,False,0.9069838365355292,3083.316928,False,False,,,,
fast_livo2_lio,MIDDLE_01,ROW_MIDDLE,1,1767659531.1461039,22,UNKNOWN,,UNKNOWN,,manual_topology_not_confirmed,40,10,1082,40,backend_map:fast_livo2_lio,same_bag_timestamp_se2_least_squares,0.2841928823232197,0.48486311219149847,rank_frequency,,8,8.pcd,8,UNKNOWN,,,,UNKNOWN,,,,0.929709626851291,0.984737924036667,3.531056588,1.570166064,7.643911238168563,1.060868085208016,True,False,0.9152180542848429,724.502129,False,False,,,,
fast_livo2_lio,MIDDLE_01,ROW_MIDDLE,1,1767659531.1461039,22,UNKNOWN,,UNKNOWN,,manual_topology_not_confirmed,40,10,1082,40,backend_map:fast_livo2_lio,same_bag_timestamp_se2_least_squares,0.2841928823232197,0.48486311219149847,rank_frequency,,9,41.pcd,41,UNKNOWN,,,,UNKNOWN,,,,0.9295064894861153,0.8679529338074252,20.30820547,8.243440718,10.411717042158559,0.42838761328689856,True,False,0.8993595608417201,826.588029,False,False,,,,
fast_livo2_lio,MIDDLE_01,ROW_MIDDLE,1,1767659531.1461039,22,UNKNOWN,,UNKNOWN,,manual_topology_not_confirmed,40,10,1082,40,backend_map:fast_livo2_lio,same_bag_timestamp_se2_least_squares,0.2841928823232197,0.48486311219149847,rank_frequency,,10,7.pcd,7,UNKNOWN,,,,UNKNOWN,,,,0.9225309788899481,0.8631578724374613,3.032665476,1.276046359,8.216094298526166,3.1230698235087537,True,False,0.9176578225068619,1001.131079,False,True,0.2128362620374089,1.0,,False
fast_livo2_lio,MIDDLE_01,ROW_MIDDLE,1,1767659531.1461039,22,UNKNOWN,,UNKNOWN,,manual_topology_not_confirmed,40,10,1082,40,backend_map:fast_livo2_lio,same_bag_timestamp_se2_least_squares,0.2841928823232197,0.48486311219149847,rank_frequency,,11,9.pcd,9,UNKNOWN,,,,UNKNOWN,,,,0.9224905524556748,0.9343921751759682,4.05803356,1.819583373,7.062213251023268,4.831446750295919,False,,,,,False,,,,
fast_livo2_lio,MIDDLE_01,ROW_MIDDLE,1,1767659531.1461039,22,UNKNOWN,,UNKNOWN,,manual_topology_not_confirmed,40,10,1082,40,backend_map:fast_livo2_lio,same_bag_timestamp_se2_least_squares,0.2841928823232197,0.48486311219149847,rank_frequency,,12,11.pcd,11,UNKNOWN,,,,UNKNOWN,,,,0.9217019344280717,1.0147781513286582,4.996193452,2.143189543,6.070723550687955,6.294583631174311,False,,,,,False,,,,
fast_livo2_lio,MIDDLE_01,ROW_MIDDLE,1,1767659531.1461039,22,UNKNOWN,,UNKNOWN,,manual_topology_not_confirmed,40,10,1082,40,backend_map:fast_livo2_lio,same_bag_timestamp_se2_least_squares,0.2841928823232197,0.48486311219149847,rank_frequency,,13,42.pcd,42,UNKNOWN,,,,UNKNOWN,,,,0.9195380673562841,0.9134174551629892,20.81399994,8.443005493,10.95545436751543,2.192086547768251,False,,,,,False,,,,
fast_livo2_lio,MIDDLE_01,ROW_MIDDLE,1,1767659531.1461039,22,UNKNOWN,,UNKNOWN,,manual_topology_not_confirmed,40,10,1082,40,backend_map:fast_livo2_lio,same_bag_timestamp_se2_least_squares,0.2841928823232197,0.48486311219149847,rank_frequency,,14,27.pcd,27,UNKNOWN,,,,UNKNOWN,,,,0.9157379772591967,0.7515929623104716,13.10483481,5.317740696,2.637475367234412,1.831565254553909,False,,,,,False,,,,
fast_livo2_lio,MIDDLE_01,ROW_MIDDLE,1,1767659531.1461039,22,UNKNOWN,,UNKNOWN,,manual_topology_not_confirmed,40,10,1082,40,backend_map:fast_livo2_lio,same_bag_timestamp_se2_least_squares,0.2841928823232197,0.48486311219149847,rank_frequency,,15,28.pcd,28,UNKNOWN,,,,UNKNOWN,,,,0.9134902109248264,0.9337532069466098,13.61232432,5.575502849,3.203895168590532,3.955606756036128,False,,,,,False,,,,
fast_livo2_lio,MIDDLE_01,ROW_MIDDLE,1,1767659531.1461039,22,UNKNOWN,,UNKNOWN,,manual_topology_not_confirmed,40,10,1082,40,backend_map:fast_livo2_lio,same_bag_timestamp_se2_least_squares,0.2841928823232197,0.48486311219149847,rank_frequency,,16,29.pcd,29,UNKNOWN,,,,UNKNOWN,,,,0.9094014599478688,0.9550868266757396,14.13579162,5.789800953,3.7695126301499053,1.5106277109714064,False,,,,,False,,,,
fast_livo2_lio,MIDDLE_01,ROW_MIDDLE,1,1767659531.1461039,22,UNKNOWN,,UNKNOWN,,manual_topology_not_confirmed,40,10,1082,40,backend_map:fast_livo2_lio,same_bag_timestamp_se2_least_squares,0.2841928823232197,0.48486311219149847,rank_frequency,,17,1156.pcd,1156,UNKNOWN,,,,UNKNOWN,,,,0.9066453134703998,0.9861351416965597,16.79620679,9.368284981,7.92165928938856,160.5960148217156,False,,,,,False,,,,
fast_livo2_lio,MIDDLE_01,ROW_MIDDLE,1,1767659531.1461039,22,UNKNOWN,,UNKNOWN,,manual_topology_not_confirmed,40,10,1082,40,backend_map:fast_livo2_lio,same_bag_timestamp_se2_least_squares,0.2841928823232197,0.48486311219149847,rank_frequency,,18,1157.pcd,1157,UNKNOWN,,,,UNKNOWN,,,,0.9037997514754019,1.0076805947416534,16.25704013,9.20416266,7.402274826982608,164.23726240000354,False,,,,,False,,,,
fast_livo2_lio,MIDDLE_01,ROW_MIDDLE,1,1767659531.1461039,22,UNKNOWN,,UNKNOWN,,manual_topology_not_confirmed,40,10,1082,40,backend_map:fast_livo2_lio,same_bag_timestamp_se2_least_squares,0.2841928823232197,0.48486311219149847,rank_frequency,,19,1158.pcd,1158,UNKNOWN,,,,UNKNOWN,,,,0.9013897998618428,0.8954890866535372,15.7633715,9.046762569,6.92798130735658,162.53501502421125,False,,,,,False,,,,
fast_livo2_lio,MIDDLE_01,ROW_MIDDLE,1,1767659531.1461039,22,UNKNOWN,,UNKNOWN,,manual_topology_not_confirmed,40,10,1082,40,backend_map:fast_livo2_lio,same_bag_timestamp_se2_least_squares,0.2841928823232197,0.48486311219149847,rank_frequency,,20,30.pcd,30,UNKNOWN,,,,UNKNOWN,,,,0.8968895678199102,0.9576924867586581,14.67809867,5.976474907,4.342426344027397,4.094112364996775,False,,,,,False,,,,
fast_livo2_lio,MIDDLE_01,ROW_MIDDLE,1,1767659531.1461039,22,UNKNOWN,,UNKNOWN,,manual_topology_not_confirmed,40,10,1082,40,backend_map:fast_livo2_lio,same_bag_timestamp_se2_least_squares,0.2841928823232197,0.48486311219149847,rank_frequency,,21,1159.pcd,1159,UNKNOWN,,,,UNKNOWN,,,,0.8946256652593773,0.99645071135194,15.21204596,8.798601076,6.355871814064373,156.86731459807228,False,,,,,False,,,,
fast_livo2_lio,MIDDLE_01,ROW_MIDDLE,1,1767659531.1461039,22,UNKNOWN,,UNKNOWN,,manual_topology_not_confirmed,40,10,1082,40,backend_map:fast_livo2_lio,same_bag_timestamp_se2_least_squares,0.2841928823232197,0.48486311219149847,rank_frequency,,22,63.pcd,63,UNKNOWN,,,,UNKNOWN,,,,0.8785262596842799,0.8803031703634224,24.7351305,7.286562604,14.393044683709658,166.99810492255105,False,,,,,False,,,,
fast_livo2_lio,MIDDLE_01,ROW_MIDDLE,1,1767659531.1461039,22,UNKNOWN,,UNKNOWN,,manual_topology_not_confirmed,40,10,1082,40,backend_map:fast_livo2_lio,same_bag_timestamp_se2_least_squares,0.2841928823232197,0.48486311219149847,rank_frequency,,23,1148.pcd,1148,UNKNOWN,,,,UNKNOWN,,,,0.8753519285312465,0.9456370578385217,21.05168268,11.29885593,12.499726933753372,147.89840272837716,False,,,,,False,,,,
fast_livo2_lio,MIDDLE_01,ROW_MIDDLE,1,1767659531.1461039,22,UNKNOWN,,UNKNOWN,,manual_topology_not_confirmed,40,10,1082,40,backend_map:fast_livo2_lio,same_bag_timestamp_se2_least_squares,0.2841928823232197,0.48486311219149847,rank_frequency,,24,1155.pcd,1155,UNKNOWN,,,,UNKNOWN,,,,0.8696556778947893,0.9390434003932389,17.35285811,9.534116581,8.461625122509735,155.73391884098558,False,,,,,False,,,,
fast_livo2_lio,MIDDLE_01,ROW_MIDDLE,1,1767659531.1461039,22,UNKNOWN,,UNKNOWN,,manual_topology_not_confirmed,40,10,1082,40,backend_map:fast_livo2_lio,same_bag_timestamp_se2_least_squares,0.2841928823232197,0.48486311219149847,rank_frequency,,25,1149.pcd,1149,UNKNOWN,,,,UNKNOWN,,,,0.8674893227747024,0.9842214545591891,20.80155688,11.16349571,12.216500039469654,157.50057850479337,False,,,,,False,,,,
fast_livo2_lio,MIDDLE_01,ROW_MIDDLE,1,1767659531.1461039,22,UNKNOWN,,UNKNOWN,,manual_topology_not_confirmed,40,10,1082,40,backend_map:fast_livo2_lio,same_bag_timestamp_se2_least_squares,0.2841928823232197,0.48486311219149847,rank_frequency,,26,1150.pcd,1150,UNKNOWN,,,,UNKNOWN,,,,0.8670410192926867,1.0148229987708581,20.31656422,10.9593957,11.70017604351,163.56260303124998,False,,,,,False,,,,
fast_livo2_lio,MIDDLE_01,ROW_MIDDLE,1,1767659531.1461039,22,UNKNOWN,,UNKNOWN,,manual_topology_not_confirmed,40,10,1082,40,backend_map:fast_livo2_lio,same_bag_timestamp_se2_least_squares,0.2841928823232197,0.48486311219149847,rank_frequency,,27,1147.pcd,1147,UNKNOWN,,,,UNKNOWN,,,,0.8666307820394152,0.9115697445560761,21.44833675,11.70086771,13.053039195172746,141.06567312382066,False,,,,,False,,,,
fast_livo2_lio,MIDDLE_01,ROW_MIDDLE,1,1767659531.1461039,22,UNKNOWN,,UNKNOWN,,manual_topology_not_confirmed,40,10,1082,40,backend_map:fast_livo2_lio,same_bag_timestamp_se2_least_squares,0.2841928823232197,0.48486311219149847,rank_frequency,,28,1154.pcd,1154,UNKNOWN,,,,UNKNOWN,,,,0.8663002786965658,0.9876721530046995,18.03410208,9.840193241,9.190103110966083,153.2478364831131,False,,,,,False,,,,
fast_livo2_lio,MIDDLE_01,ROW_MIDDLE,1,1767659531.1461039,22,UNKNOWN,,UNKNOWN,,manual_topology_not_confirmed,40,10,1082,40,backend_map:fast_livo2_lio,same_bag_timestamp_se2_least_squares,0.2841928823232197,0.48486311219149847,rank_frequency,,29,69.pcd,69,UNKNOWN,,,,UNKNOWN,,,,0.8655631037010871,1.0199505700415619,21.70650862,6.289222549,11.231560332285747,174.72896906225037,False,,,,,False,,,,
fast_livo2_lio,MIDDLE_01,ROW_MIDDLE,1,1767659531.1461039,22,UNKNOWN,,UNKNOWN,,manual_topology_not_confirmed,40,10,1082,40,backend_map:fast_livo2_lio,same_bag_timestamp_se2_least_squares,0.2841928823232197,0.48486311219149847,rank_frequency,,30,1146.pcd,1146,UNKNOWN,,,,UNKNOWN,,,,0.8629976729526223,0.8099231113903588,21.60997206,12.03506217,13.375483394721094,102.74621842378802,False,,,,,False,,,,
fast_livo2_lio,MIDDLE_01,ROW_MIDDLE,1,1767659531.1461039,22,UNKNOWN,,UNKNOWN,,manual_topology_not_confirmed,40,10,1082,40,backend_map:fast_livo2_lio,same_bag_timestamp_se2_least_squares,0.2841928823232197,0.48486311219149847,rank_frequency,,31,1152.pcd,1152,UNKNOWN,,,,UNKNOWN,,,,0.8626983657616742,0.9294151889427473,18.98159161,10.31641075,10.236883629230752,163.51048560114472,False,,,,,False,,,,
fast_livo2_lio,MIDDLE_01,ROW_MIDDLE,1,1767659531.1461039,22,UNKNOWN,,UNKNOWN,,manual_topology_not_confirmed,40,10,1082,40,backend_map:fast_livo2_lio,same_bag_timestamp_se2_least_squares,0.2841928823232197,0.48486311219149847,rank_frequency,,32,61.pcd,61,UNKNOWN,,,,UNKNOWN,,,,0.8622416764141874,0.9005913136509898,25.25843882,7.650851699,14.981135049959867,144.4297358453519,False,,,,,False,,,,
fast_livo2_lio,MIDDLE_01,ROW_MIDDLE,1,1767659531.1461039,22,UNKNOWN,,UNKNOWN,,manual_topology_not_confirmed,40,10,1082,40,backend_map:fast_livo2_lio,same_bag_timestamp_se2_least_squares,0.2841928823232197,0.48486311219149847,rank_frequency,,33,1153.pcd,1153,UNKNOWN,,,,UNKNOWN,,,,0.860993388515775,0.9256690687637859,18.66539756,10.16493517,9.891579450432305,153.32616583002655,False,,,,,False,,,,
fast_livo2_lio,MIDDLE_01,ROW_MIDDLE,1,1767659531.1461039,22,UNKNOWN,,UNKNOWN,,manual_topology_not_confirmed,40,10,1082,40,backend_map:fast_livo2_lio,same_bag_timestamp_se2_least_squares,0.2841928823232197,0.48486311219149847,rank_frequency,,34,1142.pcd,1142,UNKNOWN,,,,UNKNOWN,,,,0.8585637733055624,0.9384270703205779,20.9477141,14.67787078,14.567842720156902,97.47539248366748,False,,,,,False,,,,
fast_livo2_lio,MIDDLE_01,ROW_MIDDLE,1,1767659531.1461039,22,UNKNOWN,,UNKNOWN,,manual_topology_not_confirmed,40,10,1082,40,backend_map:fast_livo2_lio,same_bag_timestamp_se2_least_squares,0.2841928823232197,0.48486311219149847,rank_frequency,,35,62.pcd,62,UNKNOWN,,,,UNKNOWN,,,,0.8525421003749215,0.9441784687605259,24.99812824,7.419664197,14.677672693348825,154.87230863972758,False,,,,,False,,,,
fast_livo2_lio,MIDDLE_01,ROW_MIDDLE,1,1767659531.1461039,22,UNKNOWN,,UNKNOWN,,manual_topology_not_confirmed,40,10,1082,40,backend_map:fast_livo2_lio,same_bag_timestamp_se2_least_squares,0.2841928823232197,0.48486311219149847,rank_frequency,,36,1145.pcd,1145,UNKNOWN,,,,UNKNOWN,,,,0.8513028660041366,0.8151720907083558,21.63222654,12.7014568,13.785166578043365,104.18302190845748,False,,,,,False,,,,
fast_livo2_lio,MIDDLE_01,ROW_MIDDLE,1,1767659531.1461039,22,UNKNOWN,,UNKNOWN,,manual_topology_not_confirmed,40,10,1082,40,backend_map:fast_livo2_lio,same_bag_timestamp_se2_least_squares,0.2841928823232197,0.48486311219149847,rank_frequency,,37,64.pcd,64,UNKNOWN,,,,UNKNOWN,,,,0.8499455567494613,0.9861949555973989,24.22738775,7.093687942,13.85712194118449,173.11066401076454,False,,,,,False,,,,
fast_livo2_lio,MIDDLE_01,ROW_MIDDLE,1,1767659531.1461039,22,UNKNOWN,,UNKNOWN,,manual_topology_not_confirmed,40,10,1082,40,backend_map:fast_livo2_lio,same_bag_timestamp_se2_least_squares,0.2841928823232197,0.48486311219149847,rank_frequency,,38,70.pcd,70,UNKNOWN,,,,UNKNOWN,,,,0.8455170814601339,1.0225283631457491,21.22650954,6.105159174,10.727781474135075,178.90153858715112,False,,,,,False,,,,
fast_livo2_lio,MIDDLE_01,ROW_MIDDLE,1,1767659531.1461039,22,UNKNOWN,,UNKNOWN,,manual_topology_not_confirmed,40,10,1082,40,backend_map:fast_livo2_lio,same_bag_timestamp_se2_least_squares,0.2841928823232197,0.48486311219149847,rank_frequency,,39,1151.pcd,1151,UNKNOWN,,,,UNKNOWN,,,,0.8409670530733588,0.9534496197870128,19.43143083,10.6094569,10.773337674577082,165.21805163450202,False,,,,,False,,,,
fast_livo2_lio,MIDDLE_01,ROW_MIDDLE,1,1767659531.1461039,22,UNKNOWN,,UNKNOWN,,manual_topology_not_confirmed,40,10,1082,40,backend_map:fast_livo2_lio,same_bag_timestamp_se2_least_squares,0.2841928823232197,0.48486311219149847,rank_frequency,,40,60.pcd,60,UNKNOWN,,,,UNKNOWN,,,,0.8353120173325296,1.0215042185773888,25.4123902,7.784623068,15.160847943371657,133.5545600861618,False,,,,,False,,,,
fast_livo2_lio,MIDDLE_01,ROW_MIDDLE,3,1767659531.1461039,22,UNKNOWN,,UNKNOWN,,manual_topology_not_confirmed,40,10,1082,40,backend_map:fast_livo2_lio,same_bag_timestamp_se2_least_squares,0.2841928823232197,0.48486311219149847,rank_frequency,,1,25.pcd,25,UNKNOWN,,,,UNKNOWN,,,,0.9466826549552121,1.0159003966489335,12.14943041,4.864872572,1.586043351956494,0.32402654343378645,True,False,0.8738916256157635,733.3822,False,False,,,,
fast_livo2_lio,MIDDLE_01,ROW_MIDDLE,3,1767659531.1461039,22,UNKNOWN,,UNKNOWN,,manual_topology_not_confirmed,40,10,1082,40,backend_map:fast_livo2_lio,same_bag_timestamp_se2_least_squares,0.2841928823232197,0.48486311219149847,rank_frequency,,2,5.pcd,5,UNKNOWN,,,,UNKNOWN,,,,0.9453459275110027,1.179079936054771,1.992426258,0.7567987819,9.375882613151665,2.1105800195090025,True,False,0.8990147783251231,1741.869339,False,False,,,,
fast_livo2_lio,MIDDLE_01,ROW_MIDDLE,3,1767659531.1461039,22,UNKNOWN,,UNKNOWN,,manual_topology_not_confirmed,40,10,1082,40,backend_map:fast_livo2_lio,same_bag_timestamp_se2_least_squares,0.2841928823232197,0.48486311219149847,rank_frequency,,3,39.pcd,39,UNKNOWN,,,,UNKNOWN,,,,0.9433910215347661,1.0678404587900183,19.30364423,7.782527213,9.308049508673015,6.200364496636768,True,False,0.8793103448275862,481.569202,False,False,,,,
fast_livo2_lio,MIDDLE_01,ROW_MIDDLE,3,1767659531.1461039,22,UNKNOWN,,UNKNOWN,,manual_topology_not_confirmed,40,10,1082,40,backend_map:fast_livo2_lio,same_bag_timestamp_se2_least_squares,0.2841928823232197,0.48486311219149847,rank_frequency,,4,19.pcd,19,UNKNOWN,,,,UNKNOWN,,,,0.9426151056130923,1.2073126062688404,9.103887431,3.76473069,1.6546044566609361,0.5210635244386592,True,False,0.8829228243021346,1906.928033,False,False,,,,
fast_livo2_lio,MIDDLE_01,ROW_MIDDLE,3,1767659531.1461039,22,UNKNOWN,,UNKNOWN,,manual_topology_not_confirmed,40,10,1082,40,backend_map:fast_livo2_lio,same_bag_timestamp_se2_least_squares,0.2841928823232197,0.48486311219149847,rank_frequency,,5,40.pcd,40,UNKNOWN,,,,UNKNOWN,,,,0.9336966863817289,0.9805783585024471,19.82712609,8.054428535,9.89484615310762,3.0629550226550784,True,False,0.8878489326765189,442.334115,False,False,,,,
fast_livo2_lio,MIDDLE_01,ROW_MIDDLE,3,1767659531.1461039,22,UNKNOWN,,UNKNOWN,,manual_topology_not_confirmed,40,10,1082,40,backend_map:fast_livo2_lio,same_bag_timestamp_se2_least_squares,0.2841928823232197,0.48486311219149847,rank_frequency,,6,41.pcd,41,UNKNOWN,,,,UNKNOWN,,,,0.9259214487706638,0.9646645774488694,20.30820547,8.243440718,10.411717042158559,0.42838761328689856,True,False,0.8791461412151067,316.945816,False,False,,,,
fast_livo2_lio,MIDDLE_01,ROW_MIDDLE,3,1767659531.1461039,22,UNKNOWN,,UNKNOWN,,manual_topology_not_confirmed,40,10,1082,40,backend_map:fast_livo2_lio,same_bag_timestamp_se2_least_squares,0.2841928823232197,0.48486311219149847,rank_frequency,,7,6.pcd,6,UNKNOWN,,,,UNKNOWN,,,,0.9184331929312918,1.2069286487003987,2.471733972,1.014873231,8.834197620564103,3.3222867648967864,True,False,0.8909688013136289,2257.70514,False,False,,,,
fast_livo2_lio,MIDDLE_01,ROW_MIDDLE,3,1767659531.1461039,22,UNKNOWN,,UNKNOWN,,manual_topology_not_confirmed,40,10,1082,40,backend_map:fast_livo2_lio,same_bag_timestamp_se2_least_squares,0.2841928823232197,0.48486311219149847,rank_frequency,,8,26.pcd,26,UNKNOWN,,,,UNKNOWN,,,,0.9173552711483308,0.9451722093353819,12.60428487,5.103775873,2.093745460869517,4.35134752068913,True,False,0.8963875205254516,779.963002,True,False,,,,
fast_livo2_lio,MIDDLE_01,ROW_MIDDLE,3,1767659531.1461039,22,UNKNOWN,,UNKNOWN,,manual_topology_not_confirmed,40,10,1082,40,backend_map:fast_livo2_lio,same_bag_timestamp_se2_least_squares,0.2841928823232197,0.48486311219149847,rank_frequency,,9,8.pcd,8,UNKNOWN,,,,UNKNOWN,,,,0.916023689514806,1.2006288742318576,3.531056588,1.570166064,7.643911238168563,1.060868085208016,True,False,0.906568144499179,606.345007,False,False,,,,
fast_livo2_lio,MIDDLE_01,ROW_MIDDLE,3,1767659531.1461039,22,UNKNOWN,,UNKNOWN,,manual_topology_not_confirmed,40,10,1082,40,backend_map:fast_livo2_lio,same_bag_timestamp_se2_least_squares,0.2841928823232197,0.48486311219149847,rank_frequency,,10,9.pcd,9,UNKNOWN,,,,UNKNOWN,,,,0.9119769989127502,1.1494176904691902,4.05803356,1.819583373,7.062213251023268,4.831446750295919,True,False,0.9569786535303777,459.239534,False,True,0.24112823602319686,0.999671592775041,,False
fast_livo2_lio,MIDDLE_01,ROW_MIDDLE,3,1767659531.1461039,22,UNKNOWN,,UNKNOWN,,manual_topology_not_confirmed,40,10,1082,40,backend_map:fast_livo2_lio,same_bag_timestamp_se2_least_squares,0.2841928823232197,0.48486311219149847,rank_frequency,,11,27.pcd,27,UNKNOWN,,,,UNKNOWN,,,,0.9117120053258493,0.9461426825293884,13.10483481,5.317740696,2.637475367234412,1.831565254553909,False,,,,,False,,,,
fast_livo2_lio,MIDDLE_01,ROW_MIDDLE,3,1767659531.1461039,22,UNKNOWN,,UNKNOWN,,manual_topology_not_confirmed,40,10,1082,40,backend_map:fast_livo2_lio,same_bag_timestamp_se2_least_squares,0.2841928823232197,0.48486311219149847,rank_frequency,,12,42.pcd,42,UNKNOWN,,,,UNKNOWN,,,,0.9103967871652049,1.0963666027072436,20.81399994,8.443005493,10.95545436751543,2.192086547768251,False,,,,,False,,,,
fast_livo2_lio,MIDDLE_01,ROW_MIDDLE,3,1767659531.1461039,22,UNKNOWN,,UNKNOWN,,manual_topology_not_confirmed,40,10,1082,40,backend_map:fast_livo2_lio,same_bag_timestamp_se2_least_squares,0.2841928823232197,0.48486311219149847,rank_frequency,,13,7.pcd,7,UNKNOWN,,,,UNKNOWN,,,,0.9073737897869585,1.0708679900957796,3.032665476,1.276046359,8.216094298526166,3.1230698235087537,False,,,,,False,,,,
fast_livo2_lio,MIDDLE_01,ROW_MIDDLE,3,1767659531.1461039,22,UNKNOWN,,UNKNOWN,,manual_topology_not_confirmed,40,10,1082,40,backend_map:fast_livo2_lio,same_bag_timestamp_se2_least_squares,0.2841928823232197,0.48486311219149847,rank_frequency,,14,28.pcd,28,UNKNOWN,,,,UNKNOWN,,,,0.9048602661048745,1.1247083175371442,13.61232432,5.575502849,3.203895168590532,3.955606756036128,False,,,,,False,,,,
fast_livo2_lio,MIDDLE_01,ROW_MIDDLE,3,1767659531.1461039,22,UNKNOWN,,UNKNOWN,,manual_topology_not_confirmed,40,10,1082,40,backend_map:fast_livo2_lio,same_bag_timestamp_se2_least_squares,0.2841928823232197,0.48486311219149847,rank_frequency,,15,1156.pcd,1156,UNKNOWN,,,,UNKNOWN,,,,0.9045911889039555,1.1807867145420672,16.79620679,9.368284981,7.92165928938856,160.5960148217156,False,,,,,False,,,,
fast_livo2_lio,MIDDLE_01,ROW_MIDDLE,3,1767659531.1461039,22,UNKNOWN,,UNKNOWN,,manual_topology_not_confirmed,40,10,1082,40,backend_map:fast_livo2_lio,same_bag_timestamp_se2_least_squares,0.2841928823232197,0.48486311219149847,rank_frequency,,16,1158.pcd,1158,UNKNOWN,,,,UNKNOWN,,,,0.9028757589410322,1.1228393531380068,15.7633715,9.046762569,6.92798130735658,162.53501502421125,False,,,,,False,,,,
fast_livo2_lio,MIDDLE_01,ROW_MIDDLE,3,1767659531.1461039,22,UNKNOWN,,UNKNOWN,,manual_topology_not_confirmed,40,10,1082,40,backend_map:fast_livo2_lio,same_bag_timestamp_se2_least_squares,0.2841928823232197,0.48486311219149847,rank_frequency,,17,1157.pcd,1157,UNKNOWN,,,,UNKNOWN,,,,0.9015079810298415,1.190262700089607,16.25704013,9.20416266,7.402274826982608,164.23726240000354,False,,,,,False,,,,
fast_livo2_lio,MIDDLE_01,ROW_MIDDLE,3,1767659531.1461039,22,UNKNOWN,,UNKNOWN,,manual_topology_not_confirmed,40,10,1082,40,backend_map:fast_livo2_lio,same_bag_timestamp_se2_least_squares,0.2841928823232197,0.48486311219149847,rank_frequency,,18,29.pcd,29,UNKNOWN,,,,UNKNOWN,,,,0.8974484432895765,1.1871513065032568,14.13579162,5.789800953,3.7695126301499053,1.5106277109714064,False,,,,,False,,,,
fast_livo2_lio,MIDDLE_01,ROW_MIDDLE,3,1767659531.1461039,22,UNKNOWN,,UNKNOWN,,manual_topology_not_confirmed,40,10,1082,40,backend_map:fast_livo2_lio,same_bag_timestamp_se2_least_squares,0.2841928823232197,0.48486311219149847,rank_frequency,,19,1159.pcd,1159,UNKNOWN,,,,UNKNOWN,,,,0.8949210138016267,1.154145838163092,15.21204596,8.798601076,6.355871814064373,156.86731459807228,False,,,,,False,,,,
fast_livo2_lio,MIDDLE_01,ROW_MIDDLE,3,1767659531.1461039,22,UNKNOWN,,UNKNOWN,,manual_topology_not_confirmed,40,10,1082,40,backend_map:fast_livo2_lio,same_bag_timestamp_se2_least_squares,0.2841928823232197,0.48486311219149847,rank_frequency,,20,30.pcd,30,UNKNOWN,,,,UNKNOWN,,,,0.8864767682979233,1.1494431895699362,14.67809867,5.976474907,4.342426344027397,4.094112364996775,False,,,,,False,,,,
fast_livo2_lio,MIDDLE_01,ROW_MIDDLE,3,1767659531.1461039,22,UNKNOWN,,UNKNOWN,,manual_topology_not_confirmed,40,10,1082,40,backend_map:fast_livo2_lio,same_bag_timestamp_se2_least_squares,0.2841928823232197,0.48486311219149847,rank_frequency,,21,63.pcd,63,UNKNOWN,,,,UNKNOWN,,,,0.8856358006196204,1.0660309999766866,24.7351305,7.286562604,14.393044683709658,166.99810492255105,False,,,,,False,,,,
fast_livo2_lio,MIDDLE_01,ROW_MIDDLE,3,1767659531.1461039,22,UNKNOWN,,UNKNOWN,,manual_topology_not_confirmed,40,10,1082,40,backend_map:fast_livo2_lio,same_bag_timestamp_se2_least_squares,0.2841928823232197,0.48486311219149847,rank_frequency,,22,1148.pcd,1148,UNKNOWN,,,,UNKNOWN,,,,0.8831719343665603,0.9066947064069929,21.05168268,11.29885593,12.499726933753372,147.89840272837716,False,,,,,False,,,,
fast_livo2_lio,MIDDLE_01,ROW_MIDDLE,3,1767659531.1461039,22,UNKNOWN,,UNKNOWN,,manual_topology_not_confirmed,40,10,1082,40,backend_map:fast_livo2_lio,same_bag_timestamp_se2_least_squares,0.2841928823232197,0.48486311219149847,rank_frequency,,23,1147.pcd,1147,UNKNOWN,,,,UNKNOWN,,,,0.8752739076016689,0.9702225389822844,21.44833675,11.70086771,13.053039195172746,141.06567312382066,False,,,,,False,,,,
fast_livo2_lio,MIDDLE_01,ROW_MIDDLE,3,1767659531.1461039,22,UNKNOWN,,UNKNOWN,,manual_topology_not_confirmed,40,10,1082,40,backend_map:fast_livo2_lio,same_bag_timestamp_se2_least_squares,0.2841928823232197,0.48486311219149847,rank_frequency,,24,1155.pcd,1155,UNKNOWN,,,,UNKNOWN,,,,0.8727386569444819,1.1047045671355713,17.35285811,9.534116581,8.461625122509735,155.73391884098558,False,,,,,False,,,,
fast_livo2_lio,MIDDLE_01,ROW_MIDDLE,3,1767659531.1461039,22,UNKNOWN,,UNKNOWN,,manual_topology_not_confirmed,40,10,1082,40,backend_map:fast_livo2_lio,same_bag_timestamp_se2_least_squares,0.2841928823232197,0.48486311219149847,rank_frequency,,25,61.pcd,61,UNKNOWN,,,,UNKNOWN,,,,0.8713184544739665,1.1553883790959183,25.25843882,7.650851699,14.981135049959867,144.4297358453519,False,,,,,False,,,,
fast_livo2_lio,MIDDLE_01,ROW_MIDDLE,3,1767659531.1461039,22,UNKNOWN,,UNKNOWN,,manual_topology_not_confirmed,40,10,1082,40,backend_map:fast_livo2_lio,same_bag_timestamp_se2_least_squares,0.2841928823232197,0.48486311219149847,rank_frequency,,26,1150.pcd,1150,UNKNOWN,,,,UNKNOWN,,,,0.8702238886326595,1.0068874732015454,20.31656422,10.9593957,11.70017604351,163.56260303124998,False,,,,,False,,,,
fast_livo2_lio,MIDDLE_01,ROW_MIDDLE,3,1767659531.1461039,22,UNKNOWN,,UNKNOWN,,manual_topology_not_confirmed,40,10,1082,40,backend_map:fast_livo2_lio,same_bag_timestamp_se2_least_squares,0.2841928823232197,0.48486311219149847,rank_frequency,,27,1149.pcd,1149,UNKNOWN,,,,UNKNOWN,,,,0.8701660833421475,0.9618504572236821,20.80155688,11.16349571,12.216500039469654,157.50057850479337,False,,,,,False,,,,
fast_livo2_lio,MIDDLE_01,ROW_MIDDLE,3,1767659531.1461039,22,UNKNOWN,,UNKNOWN,,manual_topology_not_confirmed,40,10,1082,40,backend_map:fast_livo2_lio,same_bag_timestamp_se2_least_squares,0.2841928823232197,0.48486311219149847,rank_frequency,,28,1143.pcd,1143,UNKNOWN,,,,UNKNOWN,,,,0.8697737037760936,1.1573692570827512,21.15799009,14.11101732,14.326754870403594,109.10865710110919,False,,,,,False,,,,
fast_livo2_lio,MIDDLE_01,ROW_MIDDLE,3,1767659531.1461039,22,UNKNOWN,,UNKNOWN,,manual_topology_not_confirmed,40,10,1082,40,backend_map:fast_livo2_lio,same_bag_timestamp_se2_least_squares,0.2841928823232197,0.48486311219149847,rank_frequency,,29,1154.pcd,1154,UNKNOWN,,,,UNKNOWN,,,,0.8669988394695823,1.1197887412607468,18.03410208,9.840193241,9.190103110966083,153.2478364831131,False,,,,,False,,,,
fast_livo2_lio,MIDDLE_01,ROW_MIDDLE,3,1767659531.1461039,22,UNKNOWN,,UNKNOWN,,manual_topology_not_confirmed,40,10,1082,40,backend_map:fast_livo2_lio,same_bag_timestamp_se2_least_squares,0.2841928823232197,0.48486311219149847,rank_frequency,,30,1153.pcd,1153,UNKNOWN,,,,UNKNOWN,,,,0.8658692234088492,0.98127412392954,18.66539756,10.16493517,9.891579450432305,153.32616583002655,False,,,,,False,,,,
fast_livo2_lio,MIDDLE_01,ROW_MIDDLE,3,1767659531.1461039,22,UNKNOWN,,UNKNOWN,,manual_topology_not_confirmed,40,10,1082,40,backend_map:fast_livo2_lio,same_bag_timestamp_se2_least_squares,0.2841928823232197,0.48486311219149847,rank_frequency,,31,1152.pcd,1152,UNKNOWN,,,,UNKNOWN,,,,0.8647986001115728,1.0062314096537768,18.98159161,10.31641075,10.236883629230752,163.51048560114472,False,,,,,False,,,,
fast_livo2_lio,MIDDLE_01,ROW_MIDDLE,3,1767659531.1461039,22,UNKNOWN,,UNKNOWN,,manual_topology_not_confirmed,40,10,1082,40,backend_map:fast_livo2_lio,same_bag_timestamp_se2_least_squares,0.2841928823232197,0.48486311219149847,rank_frequency,,32,1146.pcd,1146,UNKNOWN,,,,UNKNOWN,,,,0.8625686780710758,0.8954681687147098,21.60997206,12.03506217,13.375483394721094,102.74621842378802,False,,,,,False,,,,
fast_livo2_lio,MIDDLE_01,ROW_MIDDLE,3,1767659531.1461039,22,UNKNOWN,,UNKNOWN,,manual_topology_not_confirmed,40,10,1082,40,backend_map:fast_livo2_lio,same_bag_timestamp_se2_least_squares,0.2841928823232197,0.48486311219149847,rank_frequency,,33,1144.pcd,1144,UNKNOWN,,,,UNKNOWN,,,,0.8562140099135394,1.0128679129391742,21.50411028,13.19143412,13.98637277117246,102.78846677238067,False,,,,,False,,,,
fast_livo2_lio,MIDDLE_01,ROW_MIDDLE,3,1767659531.1461039,22,UNKNOWN,,UNKNOWN,,manual_topology_not_confirmed,40,10,1082,40,backend_map:fast_livo2_lio,same_bag_timestamp_se2_least_squares,0.2841928823232197,0.48486311219149847,rank_frequency,,34,1142.pcd,1142,UNKNOWN,,,,UNKNOWN,,,,0.8553044843915404,0.9193507828516176,20.9477141,14.67787078,14.567842720156902,97.47539248366748,False,,,,,False,,,,
fast_livo2_lio,MIDDLE_01,ROW_MIDDLE,3,1767659531.1461039,22,UNKNOWN,,UNKNOWN,,manual_topology_not_confirmed,40,10,1082,40,backend_map:fast_livo2_lio,same_bag_timestamp_se2_least_squares,0.2841928823232197,0.48486311219149847,rank_frequency,,35,1145.pcd,1145,UNKNOWN,,,,UNKNOWN,,,,0.8535647519034393,0.8937945704675179,21.63222654,12.7014568,13.785166578043365,104.18302190845748,False,,,,,False,,,,
fast_livo2_lio,MIDDLE_01,ROW_MIDDLE,3,1767659531.1461039,22,UNKNOWN,,UNKNOWN,,manual_topology_not_confirmed,40,10,1082,40,backend_map:fast_livo2_lio,same_bag_timestamp_se2_least_squares,0.2841928823232197,0.48486311219149847,rank_frequency,,36,62.pcd,62,UNKNOWN,,,,UNKNOWN,,,,0.8509044284509958,1.1865061896578157,24.99812824,7.419664197,14.677672693348825,154.87230863972758,False,,,,,False,,,,
fast_livo2_lio,MIDDLE_01,ROW_MIDDLE,3,1767659531.1461039,22,UNKNOWN,,UNKNOWN,,manual_topology_not_confirmed,40,10,1082,40,backend_map:fast_livo2_lio,same_bag_timestamp_se2_least_squares,0.2841928823232197,0.48486311219149847,rank_frequency,,37,1140.pcd,1140,UNKNOWN,,,,UNKNOWN,,,,0.849964503347767,1.0628765409276777,20.55408922,15.53292507,14.919487670160057,85.25020378672369,False,,,,,False,,,,
fast_livo2_lio,MIDDLE_01,ROW_MIDDLE,3,1767659531.1461039,22,UNKNOWN,,UNKNOWN,,manual_topology_not_confirmed,40,10,1082,40,backend_map:fast_livo2_lio,same_bag_timestamp_se2_least_squares,0.2841928823232197,0.48486311219149847,rank_frequency,,38,1141.pcd,1141,UNKNOWN,,,,UNKNOWN,,,,0.8493366346201936,0.9927033813119078,20.66988496,15.21855539,14.764538847988502,96.76640134666775,False,,,,,False,,,,
fast_livo2_lio,MIDDLE_01,ROW_MIDDLE,3,1767659531.1461039,22,UNKNOWN,,UNKNOWN,,manual_topology_not_confirmed,40,10,1082,40,backend_map:fast_livo2_lio,same_bag_timestamp_se2_least_squares,0.2841928823232197,0.48486311219149847,rank_frequency,,39,64.pcd,64,UNKNOWN,,,,UNKNOWN,,,,0.8483947032400831,1.0993105160136654,24.22738775,7.093687942,13.85712194118449,173.11066401076454,False,,,,,False,,,,
fast_livo2_lio,MIDDLE_01,ROW_MIDDLE,3,1767659531.1461039,22,UNKNOWN,,UNKNOWN,,manual_topology_not_confirmed,40,10,1082,40,backend_map:fast_livo2_lio,same_bag_timestamp_se2_least_squares,0.2841928823232197,0.48486311219149847,rank_frequency,,40,1151.pcd,1151,UNKNOWN,,,,UNKNOWN,,,,0.8379331328150631,1.0901158028239668,19.43143083,10.6094569,10.773337674577082,165.21805163450202,False,,,,,False,,,,
fast_livo2_lio,MIDDLE_01,ROW_MIDDLE,5,1767659531.1461039,22,UNKNOWN,,UNKNOWN,,manual_topology_not_confirmed,40,10,1082,40,backend_map:fast_livo2_lio,same_bag_timestamp_se2_least_squares,0.2841928823232197,0.48486311219149847,rank_frequency,,1,25.pcd,25,UNKNOWN,,,,UNKNOWN,,,,0.9562754250457409,1.1176124908378415,12.14943041,4.864872572,1.586043351956494,0.32402654343378645,True,False,0.8677541116203829,325.264633,False,False,,,,
fast_livo2_lio,MIDDLE_01,ROW_MIDDLE,5,1767659531.1461039,22,UNKNOWN,,UNKNOWN,,manual_topology_not_confirmed,40,10,1082,40,backend_map:fast_livo2_lio,same_bag_timestamp_se2_least_squares,0.2841928823232197,0.48486311219149847,rank_frequency,,2,5.pcd,5,UNKNOWN,,,,UNKNOWN,,,,0.9516342071420731,1.3090949080095555,1.992426258,0.7567987819,9.375882613151665,2.1105800195090025,True,False,0.8935022917228364,790.511315,False,False,,,,
fast_livo2_lio,MIDDLE_01,ROW_MIDDLE,5,1767659531.1461039,22,UNKNOWN,,UNKNOWN,,manual_topology_not_confirmed,40,10,1082,40,backend_map:fast_livo2_lio,same_bag_timestamp_se2_least_squares,0.2841928823232197,0.48486311219149847,rank_frequency,,3,39.pcd,39,UNKNOWN,,,,UNKNOWN,,,,0.9505274478671794,1.157851849288997,19.30364423,7.782527213,9.308049508673015,6.200364496636768,True,False,0.8785386896737665,395.02262,False,False,,,,
fast_livo2_lio,MIDDLE_01,ROW_MIDDLE,5,1767659531.1461039,22,UNKNOWN,,UNKNOWN,,manual_topology_not_confirmed,40,10,1082,40,backend_map:fast_livo2_lio,same_bag_timestamp_se2_least_squares,0.2841928823232197,0.48486311219149847,rank_frequency,,4,19.pcd,19,UNKNOWN,,,,UNKNOWN,,,,0.9437006194152,1.320763514668643,9.103887431,3.76473069,1.6546044566609361,0.5210635244386592,True,False,0.8767861957400916,2105.504026,False,False,,,,
fast_livo2_lio,MIDDLE_01,ROW_MIDDLE,5,1767659531.1461039,22,UNKNOWN,,UNKNOWN,,manual_topology_not_confirmed,40,10,1082,40,backend_map:fast_livo2_lio,same_bag_timestamp_se2_least_squares,0.2841928823232197,0.48486311219149847,rank_frequency,,5,40.pcd,40,UNKNOWN,,,,UNKNOWN,,,,0.9356654810804907,1.0583751880973742,19.82712609,8.054428535,9.89484615310762,3.0629550226550784,True,False,0.8877055810191427,901.997354,False,False,,,,
fast_livo2_lio,MIDDLE_01,ROW_MIDDLE,5,1767659531.1461039,22,UNKNOWN,,UNKNOWN,,manual_topology_not_confirmed,40,10,1082,40,backend_map:fast_livo2_lio,same_bag_timestamp_se2_least_squares,0.2841928823232197,0.48486311219149847,rank_frequency,,6,41.pcd,41,UNKNOWN,,,,UNKNOWN,,,,0.9316978360230861,1.054214642231417,20.30820547,8.243440718,10.411717042158559,0.42838761328689856,True,False,0.8616877864653545,1346.6209,False,False,,,,
fast_livo2_lio,MIDDLE_01,ROW_MIDDLE,5,1767659531.1461039,22,UNKNOWN,,UNKNOWN,,manual_topology_not_confirmed,40,10,1082,40,backend_map:fast_livo2_lio,same_bag_timestamp_se2_least_squares,0.2841928823232197,0.48486311219149847,rank_frequency,,7,26.pcd,26,UNKNOWN,,,,UNKNOWN,,,,0.9199602662908924,1.051345103714223,12.60428487,5.103775873,2.093745460869517,4.35134752068913,True,False,0.8889188460501483,1187.827137,False,False,,,,
fast_livo2_lio,MIDDLE_01,ROW_MIDDLE,5,1767659531.1461039,22,UNKNOWN,,UNKNOWN,,manual_topology_not_confirmed,40,10,1082,40,backend_map:fast_livo2_lio,same_bag_timestamp_se2_least_squares,0.2841928823232197,0.48486311219149847,rank_frequency,,8,8.pcd,8,UNKNOWN,,,,UNKNOWN,,,,0.919634364770904,1.3225320160411391,3.531056588,1.570166064,7.643911238168563,1.060868085208016,True,False,0.9073874359665678,768.837252,False,False,,,,
fast_livo2_lio,MIDDLE_01,ROW_MIDDLE,5,1767659531.1461039,22,UNKNOWN,,UNKNOWN,,manual_topology_not_confirmed,40,10,1082,40,backend_map:fast_livo2_lio,same_bag_timestamp_se2_least_squares,0.2841928823232197,0.48486311219149847,rank_frequency,,9,7.pcd,7,UNKNOWN,,,,UNKNOWN,,,,0.9179136879042121,1.1953580094322729,3.032665476,1.276046359,8.216094298526166,3.1230698235087537,True,False,0.9096791588029118,804.052595,False,False,,,,
fast_livo2_lio,MIDDLE_01,ROW_MIDDLE,5,1767659531.1461039,22,UNKNOWN,,UNKNOWN,,manual_topology_not_confirmed,40,10,1082,40,backend_map:fast_livo2_lio,same_bag_timestamp_se2_least_squares,0.2841928823232197,0.48486311219149847,rank_frequency,,10,9.pcd,9,UNKNOWN,,,,UNKNOWN,,,,0.9149147524914181,1.2793824124897644,4.05803356,1.819583373,7.062213251023268,4.831446750295919,True,False,0.9534915071447829,472.461484,False,True,0.1968008786204859,0.9991911566459962,,False
fast_livo2_lio,MIDDLE_01,ROW_MIDDLE,5,1767659531.1461039,22,UNKNOWN,,UNKNOWN,,manual_topology_not_confirmed,40,10,1082,40,backend_map:fast_livo2_lio,same_bag_timestamp_se2_least_squares,0.2841928823232197,0.48486311219149847,rank_frequency,,11,27.pcd,27,UNKNOWN,,,,UNKNOWN,,,,0.9139586208970931,1.0641486275444985,13.10483481,5.317740696,2.637475367234412,1.831565254553909,False,,,,,False,,,,
fast_livo2_lio,MIDDLE_01,ROW_MIDDLE,5,1767659531.1461039,22,UNKNOWN,,UNKNOWN,,manual_topology_not_confirmed,40,10,1082,40,backend_map:fast_livo2_lio,same_bag_timestamp_se2_least_squares,0.2841928823232197,0.48486311219149847,rank_frequency,,12,42.pcd,42,UNKNOWN,,,,UNKNOWN,,,,0.9093710218464552,1.2178564714865778,20.81399994,8.443005493,10.95545436751543,2.192086547768251,False,,,,,False,,,,
fast_livo2_lio,MIDDLE_01,ROW_MIDDLE,5,1767659531.1461039,22,UNKNOWN,,UNKNOWN,,manual_topology_not_confirmed,40,10,1082,40,backend_map:fast_livo2_lio,same_bag_timestamp_se2_least_squares,0.2841928823232197,0.48486311219149847,rank_frequency,,13,28.pcd,28,UNKNOWN,,,,UNKNOWN,,,,0.9064754831287544,1.2513366602709244,13.61232432,5.575502849,3.203895168590532,3.955606756036128,False,,,,,False,,,,
fast_livo2_lio,MIDDLE_01,ROW_MIDDLE,5,1767659531.1461039,22,UNKNOWN,,UNKNOWN,,manual_topology_not_confirmed,40,10,1082,40,backend_map:fast_livo2_lio,same_bag_timestamp_se2_least_squares,0.2841928823232197,0.48486311219149847,rank_frequency,,14,1158.pcd,1158,UNKNOWN,,,,UNKNOWN,,,,0.905105604541991,1.268624702824171,15.7633715,9.046762569,6.92798130735658,162.53501502421125,False,,,,,False,,,,
fast_livo2_lio,MIDDLE_01,ROW_MIDDLE,5,1767659531.1461039,22,UNKNOWN,,UNKNOWN,,manual_topology_not_confirmed,40,10,1082,40,backend_map:fast_livo2_lio,same_bag_timestamp_se2_least_squares,0.2841928823232197,0.48486311219149847,rank_frequency,,15,1156.pcd,1156,UNKNOWN,,,,UNKNOWN,,,,0.904511726231474,1.2673803597300648,16.79620679,9.368284981,7.92165928938856,160.5960148217156,False,,,,,False,,,,
fast_livo2_lio,MIDDLE_01,ROW_MIDDLE,5,1767659531.1461039,22,UNKNOWN,,UNKNOWN,,manual_topology_not_confirmed,40,10,1082,40,backend_map:fast_livo2_lio,same_bag_timestamp_se2_least_squares,0.2841928823232197,0.48486311219149847,rank_frequency,,16,1159.pcd,1159,UNKNOWN,,,,UNKNOWN,,,,0.9016992820168596,1.233363102772616,15.21204596,8.798601076,6.355871814064373,156.86731459807228,False,,,,,False,,,,
fast_livo2_lio,MIDDLE_01,ROW_MIDDLE,5,1767659531.1461039,22,UNKNOWN,,UNKNOWN,,manual_topology_not_confirmed,40,10,1082,40,backend_map:fast_livo2_lio,same_bag_timestamp_se2_least_squares,0.2841928823232197,0.48486311219149847,rank_frequency,,17,1157.pcd,1157,UNKNOWN,,,,UNKNOWN,,,,0.9016847876913059,1.2685599785778054,16.25704013,9.20416266,7.402274826982608,164.23726240000354,False,,,,,False,,,,
fast_livo2_lio,MIDDLE_01,ROW_MIDDLE,5,1767659531.1461039,22,UNKNOWN,,UNKNOWN,,manual_topology_not_confirmed,40,10,1082,40,backend_map:fast_livo2_lio,same_bag_timestamp_se2_least_squares,0.2841928823232197,0.48486311219149847,rank_frequency,,18,29.pcd,29,UNKNOWN,,,,UNKNOWN,,,,0.8998126561712921,1.3133931244850396,14.13579162,5.789800953,3.7695126301499053,1.5106277109714064,False,,,,,False,,,,
fast_livo2_lio,MIDDLE_01,ROW_MIDDLE,5,1767659531.1461039,22,UNKNOWN,,UNKNOWN,,manual_topology_not_confirmed,40,10,1082,40,backend_map:fast_livo2_lio,same_bag_timestamp_se2_least_squares,0.2841928823232197,0.48486311219149847,rank_frequency,,19,63.pcd,63,UNKNOWN,,,,UNKNOWN,,,,0.8965516879268602,1.1537696312280272,24.7351305,7.286562604,14.393044683709658,166.99810492255105,False,,,,,False,,,,
fast_livo2_lio,MIDDLE_01,ROW_MIDDLE,5,1767659531.1461039,22,UNKNOWN,,UNKNOWN,,manual_topology_not_confirmed,40,10,1082,40,backend_map:fast_livo2_lio,same_bag_timestamp_se2_least_squares,0.2841928823232197,0.48486311219149847,rank_frequency,,20,30.pcd,30,UNKNOWN,,,,UNKNOWN,,,,0.885219524243296,1.2593564626714204,14.67809867,5.976474907,4.342426344027397,4.094112364996775,False,,,,,False,,,,
fast_livo2_lio,MIDDLE_01,ROW_MIDDLE,5,1767659531.1461039,22,UNKNOWN,,UNKNOWN,,manual_topology_not_confirmed,40,10,1082,40,backend_map:fast_livo2_lio,same_bag_timestamp_se2_least_squares,0.2841928823232197,0.48486311219149847,rank_frequency,,21,61.pcd,61,UNKNOWN,,,,UNKNOWN,,,,0.8840981626510568,1.2993402794966744,25.25843882,7.650851699,14.981135049959867,144.4297358453519,False,,,,,False,,,,
fast_livo2_lio,MIDDLE_01,ROW_MIDDLE,5,1767659531.1461039,22,UNKNOWN,,UNKNOWN,,manual_topology_not_confirmed,40,10,1082,40,backend_map:fast_livo2_lio,same_bag_timestamp_se2_least_squares,0.2841928823232197,0.48486311219149847,rank_frequency,,22,1155.pcd,1155,UNKNOWN,,,,UNKNOWN,,,,0.8822936682839684,1.2000486240689374,17.35285811,9.534116581,8.461625122509735,155.73391884098558,False,,,,,False,,,,
fast_livo2_lio,MIDDLE_01,ROW_MIDDLE,5,1767659531.1461039,22,UNKNOWN,,UNKNOWN,,manual_topology_not_confirmed,40,10,1082,40,backend_map:fast_livo2_lio,same_bag_timestamp_se2_least_squares,0.2841928823232197,0.48486311219149847,rank_frequency,,23,1148.pcd,1148,UNKNOWN,,,,UNKNOWN,,,,0.8819679072615623,0.9209258185611613,21.05168268,11.29885593,12.499726933753372,147.89840272837716,False,,,,,False,,,,
fast_livo2_lio,MIDDLE_01,ROW_MIDDLE,5,1767659531.1461039,22,UNKNOWN,,UNKNOWN,,manual_topology_not_confirmed,40,10,1082,40,backend_map:fast_livo2_lio,same_bag_timestamp_se2_least_squares,0.2841928823232197,0.48486311219149847,rank_frequency,,24,1147.pcd,1147,UNKNOWN,,,,UNKNOWN,,,,0.8776664036425532,1.028501715769175,21.44833675,11.70086771,13.053039195172746,141.06567312382066,False,,,,,False,,,,
fast_livo2_lio,MIDDLE_01,ROW_MIDDLE,5,1767659531.1461039,22,UNKNOWN,,UNKNOWN,,manual_topology_not_confirmed,40,10,1082,40,backend_map:fast_livo2_lio,same_bag_timestamp_se2_least_squares,0.2841928823232197,0.48486311219149847,rank_frequency,,25,1143.pcd,1143,UNKNOWN,,,,UNKNOWN,,,,0.8768005613474779,1.2123675216967258,21.15799009,14.11101732,14.326754870403594,109.10865710110919,False,,,,,False,,,,
fast_livo2_lio,MIDDLE_01,ROW_MIDDLE,5,1767659531.1461039,22,UNKNOWN,,UNKNOWN,,manual_topology_not_confirmed,40,10,1082,40,backend_map:fast_livo2_lio,same_bag_timestamp_se2_least_squares,0.2841928823232197,0.48486311219149847,rank_frequency,,26,1150.pcd,1150,UNKNOWN,,,,UNKNOWN,,,,0.8749370857742713,1.0065353809287767,20.31656422,10.9593957,11.70017604351,163.56260303124998,False,,,,,False,,,,
fast_livo2_lio,MIDDLE_01,ROW_MIDDLE,5,1767659531.1461039,22,UNKNOWN,,UNKNOWN,,manual_topology_not_confirmed,40,10,1082,40,backend_map:fast_livo2_lio,same_bag_timestamp_se2_least_squares,0.2841928823232197,0.48486311219149847,rank_frequency,,27,1139.pcd,1139,UNKNOWN,,,,UNKNOWN,,,,0.8746610677006467,1.3079309962730377,20.41062654,15.89609558,15.09948787093704,65.67422248027621,False,,,,,False,,,,
fast_livo2_lio,MIDDLE_01,ROW_MIDDLE,5,1767659531.1461039,22,UNKNOWN,,UNKNOWN,,manual_topology_not_confirmed,40,10,1082,40,backend_map:fast_livo2_lio,same_bag_timestamp_se2_least_squares,0.2841928823232197,0.48486311219149847,rank_frequency,,28,1153.pcd,1153,UNKNOWN,,,,UNKNOWN,,,,0.870155799483068,1.0458946245297709,18.66539756,10.16493517,9.891579450432305,153.32616583002655,False,,,,,False,,,,
fast_livo2_lio,MIDDLE_01,ROW_MIDDLE,5,1767659531.1461039,22,UNKNOWN,,UNKNOWN,,manual_topology_not_confirmed,40,10,1082,40,backend_map:fast_livo2_lio,same_bag_timestamp_se2_least_squares,0.2841928823232197,0.48486311219149847,rank_frequency,,29,1149.pcd,1149,UNKNOWN,,,,UNKNOWN,,,,0.8675650466080712,0.9899466451584972,20.80155688,11.16349571,12.216500039469654,157.50057850479337,False,,,,,False,,,,
fast_livo2_lio,MIDDLE_01,ROW_MIDDLE,5,1767659531.1461039,22,UNKNOWN,,UNKNOWN,,manual_topology_not_confirmed,40,10,1082,40,backend_map:fast_livo2_lio,same_bag_timestamp_se2_least_squares,0.2841928823232197,0.48486311219149847,rank_frequency,,30,1152.pcd,1152,UNKNOWN,,,,UNKNOWN,,,,0.8661592883085006,1.0756061741740333,18.98159161,10.31641075,10.236883629230752,163.51048560114472,False,,,,,False,,,,
fast_livo2_lio,MIDDLE_01,ROW_MIDDLE,5,1767659531.1461039,22,UNKNOWN,,UNKNOWN,,manual_topology_not_confirmed,40,10,1082,40,backend_map:fast_livo2_lio,same_bag_timestamp_se2_least_squares,0.2841928823232197,0.48486311219149847,rank_frequency,,31,1154.pcd,1154,UNKNOWN,,,,UNKNOWN,,,,0.8634671212893247,1.20523262676755,18.03410208,9.840193241,9.190103110966083,153.2478364831131,False,,,,,False,,,,
fast_livo2_lio,MIDDLE_01,ROW_MIDDLE,5,1767659531.1461039,22,UNKNOWN,,UNKNOWN,,manual_topology_not_confirmed,40,10,1082,40,backend_map:fast_livo2_lio,same_bag_timestamp_se2_least_squares,0.2841928823232197,0.48486311219149847,rank_frequency,,32,1142.pcd,1142,UNKNOWN,,,,UNKNOWN,,,,0.8614059673538862,0.9847959282444978,20.9477141,14.67787078,14.567842720156902,97.47539248366748,False,,,,,False,,,,
fast_livo2_lio,MIDDLE_01,ROW_MIDDLE,5,1767659531.1461039,22,UNKNOWN,,UNKNOWN,,manual_topology_not_confirmed,40,10,1082,40,backend_map:fast_livo2_lio,same_bag_timestamp_se2_least_squares,0.2841928823232197,0.48486311219149847,rank_frequency,,33,1144.pcd,1144,UNKNOWN,,,,UNKNOWN,,,,0.8582491969367467,1.043431108703299,21.50411028,13.19143412,13.98637277117246,102.78846677238067,False,,,,,False,,,,
fast_livo2_lio,MIDDLE_01,ROW_MIDDLE,5,1767659531.1461039,22,UNKNOWN,,UNKNOWN,,manual_topology_not_confirmed,40,10,1082,40,backend_map:fast_livo2_lio,same_bag_timestamp_se2_least_squares,0.2841928823232197,0.48486311219149847,rank_frequency,,34,64.pcd,64,UNKNOWN,,,,UNKNOWN,,,,0.8551900454619386,1.141303440069087,24.22738775,7.093687942,13.85712194118449,173.11066401076454,False,,,,,False,,,,
fast_livo2_lio,MIDDLE_01,ROW_MIDDLE,5,1767659531.1461039,22,UNKNOWN,,UNKNOWN,,manual_topology_not_confirmed,40,10,1082,40,backend_map:fast_livo2_lio,same_bag_timestamp_se2_least_squares,0.2841928823232197,0.48486311219149847,rank_frequency,,35,1146.pcd,1146,UNKNOWN,,,,UNKNOWN,,,,0.8545464283606422,1.0131928583426806,21.60997206,12.03506217,13.375483394721094,102.74621842378802,False,,,,,False,,,,
fast_livo2_lio,MIDDLE_01,ROW_MIDDLE,5,1767659531.1461039,22,UNKNOWN,,UNKNOWN,,manual_topology_not_confirmed,40,10,1082,40,backend_map:fast_livo2_lio,same_bag_timestamp_se2_least_squares,0.2841928823232197,0.48486311219149847,rank_frequency,,36,62.pcd,62,UNKNOWN,,,,UNKNOWN,,,,0.8495848983218571,1.3143326599226028,24.99812824,7.419664197,14.677672693348825,154.87230863972758,False,,,,,False,,,,
fast_livo2_lio,MIDDLE_01,ROW_MIDDLE,5,1767659531.1461039,22,UNKNOWN,,UNKNOWN,,manual_topology_not_confirmed,40,10,1082,40,backend_map:fast_livo2_lio,same_bag_timestamp_se2_least_squares,0.2841928823232197,0.48486311219149847,rank_frequency,,37,1140.pcd,1140,UNKNOWN,,,,UNKNOWN,,,,0.8480307467299362,1.1058675304479109,20.55408922,15.53292507,14.919487670160057,85.25020378672369,False,,,,,False,,,,
fast_livo2_lio,MIDDLE_01,ROW_MIDDLE,5,1767659531.1461039,22,UNKNOWN,,UNKNOWN,,manual_topology_not_confirmed,40,10,1082,40,backend_map:fast_livo2_lio,same_bag_timestamp_se2_least_squares,0.2841928823232197,0.48486311219149847,rank_frequency,,38,1145.pcd,1145,UNKNOWN,,,,UNKNOWN,,,,0.846387136170075,1.0082882022278232,21.63222654,12.7014568,13.785166578043365,104.18302190845748,False,,,,,False,,,,
fast_livo2_lio,MIDDLE_01,ROW_MIDDLE,5,1767659531.1461039,22,UNKNOWN,,UNKNOWN,,manual_topology_not_confirmed,40,10,1082,40,backend_map:fast_livo2_lio,same_bag_timestamp_se2_least_squares,0.2841928823232197,0.48486311219149847,rank_frequency,,39,1141.pcd,1141,UNKNOWN,,,,UNKNOWN,,,,0.8459845381890517,1.0045406194857016,20.66988496,15.21855539,14.764538847988502,96.76640134666775,False,,,,,False,,,,
fast_livo2_lio,MIDDLE_01,ROW_MIDDLE,5,1767659531.1461039,22,UNKNOWN,,UNKNOWN,,manual_topology_not_confirmed,40,10,1082,40,backend_map:fast_livo2_lio,same_bag_timestamp_se2_least_squares,0.2841928823232197,0.48486311219149847,rank_frequency,,40,1151.pcd,1151,UNKNOWN,,,,UNKNOWN,,,,0.8384930769934031,1.2035920337136061,19.43143083,10.6094569,10.773337674577082,165.21805163450202,False,,,,,False,,,,
point_lio,HEADLAND_01,HEADLAND,1,1767659550.1024132,55,UNKNOWN,,UNKNOWN,,manual_topology_not_confirmed,40,10,1100,40,backend_map:point_lio,canonical_backend,,,rank_frequency,,1,1090.pcd,1090,UNKNOWN,,,,UNKNOWN,,,,0.8813565361885963,0.5129760788147383,-1.0152588,0.5651805367,27.616786138199362,145.4118855048587,True,False,0.9914163090128756,115.547349,False,False,,,,
point_lio,HEADLAND_01,HEADLAND,1,1767659550.1024132,55,UNKNOWN,,UNKNOWN,,manual_topology_not_confirmed,40,10,1100,40,backend_map:point_lio,canonical_backend,,,rank_frequency,,2,1089.pcd,1089,UNKNOWN,,,,UNKNOWN,,,,0.8805403226103253,0.5364114072487044,-0.7917543782,0.06819540464,27.56138805356108,145.88554727732912,True,False,0.9899856938483548,131.299949,False,False,,,,
point_lio,HEADLAND_01,HEADLAND,1,1767659550.1024132,55,UNKNOWN,,UNKNOWN,,manual_topology_not_confirmed,40,10,1100,40,backend_map:point_lio,canonical_backend,,,rank_frequency,,3,1097.pcd,1097,UNKNOWN,,,,UNKNOWN,,,,0.8797619138453664,0.5057043370374703,-2.163683134,4.158449393,27.867178605467473,133.87984701995867,True,False,0.9828326180257511,469.962141,False,False,,,,
point_lio,HEADLAND_01,HEADLAND,1,1767659550.1024132,55,UNKNOWN,,UNKNOWN,,manual_topology_not_confirmed,40,10,1100,40,backend_map:point_lio,canonical_backend,,,rank_frequency,,4,1088.pcd,1088,UNKNOWN,,,,UNKNOWN,,,,0.8781958500462457,0.4838487256949257,-0.6193827866,-0.4219760484,27.562370857143964,145.80856358491283,True,False,0.9892703862660944,116.563768,False,False,,,,
point_lio,HEADLAND_01,HEADLAND,1,1767659550.1024132,55,UNKNOWN,,UNKNOWN,,manual_topology_not_confirmed,40,10,1100,40,backend_map:point_lio,canonical_backend,,,rank_frequency,,5,1087.pcd,1087,UNKNOWN,,,,UNKNOWN,,,,0.8716456432528693,0.48899139079521514,-0.3934421282,-0.9221155534,27.526773959764807,138.70314778704514,True,False,0.9921316165951359,1915.395553,False,False,,,,
point_lio,HEADLAND_01,HEADLAND,1,1767659550.1024132,55,UNKNOWN,,UNKNOWN,,manual_topology_not_confirmed,40,10,1100,40,backend_map:point_lio,canonical_backend,,,rank_frequency,,6,1096.pcd,1096,UNKNOWN,,,,UNKNOWN,,,,0.8665686172316287,0.446133642568461,-2.122347602,3.605603121,27.928276203445037,137.0397135494481,True,False,0.9921316165951359,706.69114,False,False,,,,
point_lio,HEADLAND_01,HEADLAND,1,1767659550.1024132,55,UNKNOWN,,UNKNOWN,,manual_topology_not_confirmed,40,10,1100,40,backend_map:point_lio,canonical_backend,,,rank_frequency,,7,1086.pcd,1086,UNKNOWN,,,,UNKNOWN,,,,0.866085787469811,0.5152744634448676,-0.2001945144,-1.500176411,27.561968925076712,138.41555407298392,True,False,0.9914163090128756,1129.068008,False,False,,,,
point_lio,HEADLAND_01,HEADLAND,1,1767659550.1024132,55,UNKNOWN,,UNKNOWN,,manual_topology_not_confirmed,40,10,1100,40,backend_map:point_lio,canonical_backend,,,rank_frequency,,8,1085.pcd,1085,UNKNOWN,,,,UNKNOWN,,,,0.8652595606510868,0.550851667463676,-0.007733291242,-1.987866082,27.575112673304627,135.51883038159826,True,False,0.9921316165951359,136.570947,False,False,,,,
point_lio,HEADLAND_01,HEADLAND,1,1767659550.1024132,55,UNKNOWN,,UNKNOWN,,manual_topology_not_confirmed,40,10,1100,40,backend_map:point_lio,canonical_backend,,,rank_frequency,,9,1095.pcd,1095,UNKNOWN,,,,UNKNOWN,,,,0.8623856118816199,0.5154901118157761,-2.041637151,3.083541256,27.955200388221165,135.81442213582943,True,False,0.9885550786838341,289.329687,False,False,,,,
point_lio,HEADLAND_01,HEADLAND,1,1767659550.1024132,55,UNKNOWN,,UNKNOWN,,manual_topology_not_confirmed,40,10,1100,40,backend_map:point_lio,canonical_backend,,,rank_frequency,,10,58.pcd,58,UNKNOWN,,,,UNKNOWN,,,,0.8563086958750095,0.511525269697546,25.55130551,8.159581363,0.8985996121516676,40.150490607994804,True,False,0.9935622317596566,44.097755,False,True,0.11547476228032948,0.9978540772532188,,False
point_lio,HEADLAND_01,HEADLAND,1,1767659550.1024132,55,UNKNOWN,,UNKNOWN,,manual_topology_not_confirmed,40,10,1100,40,backend_map:point_lio,canonical_backend,,,rank_frequency,,11,1049.pcd,1049,UNKNOWN,,,,UNKNOWN,,,,0.8381878115163691,0.5335743348629889,7.161917937,-19.44015282,33.73230070159037,123.07185272479353,False,,,,,False,,,,
point_lio,HEADLAND_01,HEADLAND,1,1767659550.1024132,55,UNKNOWN,,UNKNOWN,,manual_topology_not_confirmed,40,10,1100,40,backend_map:point_lio,canonical_backend,,,rank_frequency,,12,1142.pcd,1142,UNKNOWN,,,,UNKNOWN,,,,0.8338895596915331,0.5484872425270239,16.90462689,15.42753375,10.545777419913785,53.71464477134163,False,,,,,False,,,,
point_lio,HEADLAND_01,HEADLAND,1,1767659550.1024132,55,UNKNOWN,,UNKNOWN,,manual_topology_not_confirmed,40,10,1100,40,backend_map:point_lio,canonical_backend,,,rank_frequency,,13,814.pcd,814,UNKNOWN,,,,UNKNOWN,,,,0.8310474487943268,0.5542833493726996,13.49008878,-20.0678514,31.38088830275953,78.28483039023669,False,,,,,False,,,,
point_lio,HEADLAND_01,HEADLAND,1,1767659550.1024132,55,UNKNOWN,,UNKNOWN,,manual_topology_not_confirmed,40,10,1100,40,backend_map:point_lio,canonical_backend,,,rank_frequency,,14,1147.pcd,1147,UNKNOWN,,,,UNKNOWN,,,,0.8298641308074458,0.4925866864789174,19.48964289,16.38677523,9.371886216840958,31.043417529185614,False,,,,,False,,,,
point_lio,HEADLAND_01,HEADLAND,1,1767659550.1024132,55,UNKNOWN,,UNKNOWN,,manual_topology_not_confirmed,40,10,1100,40,backend_map:point_lio,canonical_backend,,,rank_frequency,,15,738.pcd,738,UNKNOWN,,,,UNKNOWN,,,,0.8268788168317994,0.5639963114423177,32.41008508,-9.539933092,19.879065155814523,2.8704260759699576,False,,,,,False,,,,
point_lio,HEADLAND_01,HEADLAND,1,1767659550.1024132,55,UNKNOWN,,UNKNOWN,,manual_topology_not_confirmed,40,10,1100,40,backend_map:point_lio,canonical_backend,,,rank_frequency,,16,1048.pcd,1048,UNKNOWN,,,,UNKNOWN,,,,0.8211634223805602,0.5481464790495647,7.271274064,-19.64508774,33.847054609163855,134.8513764118302,False,,,,,False,,,,
point_lio,HEADLAND_01,HEADLAND,1,1767659550.1024132,55,UNKNOWN,,UNKNOWN,,manual_topology_not_confirmed,40,10,1100,40,backend_map:point_lio,canonical_backend,,,rank_frequency,,17,810.pcd,810,UNKNOWN,,,,UNKNOWN,,,,0.8209994962880668,0.5320405171102626,11.50772617,-20.86996249,32.90472538132353,75.05077817218191,False,,,,,False,,,,
point_lio,HEADLAND_01,HEADLAND,1,1767659550.1024132,55,UNKNOWN,,UNKNOWN,,manual_topology_not_confirmed,40,10,1100,40,backend_map:point_lio,canonical_backend,,,rank_frequency,,18,60.pcd,60,UNKNOWN,,,,UNKNOWN,,,,0.8183911538034572,0.3936083411069351,25.52968911,7.899437445,1.1441057925684828,63.51824274732184,False,,,,,False,,,,
point_lio,HEADLAND_01,HEADLAND,1,1767659550.1024132,55,UNKNOWN,,UNKNOWN,,manual_topology_not_confirmed,40,10,1100,40,backend_map:point_lio,canonical_backend,,,rank_frequency,,19,1145.pcd,1145,UNKNOWN,,,,UNKNOWN,,,,0.8183592079389418,0.5681955409214784,18.46721846,16.0750747,9.808854452743043,42.88942885915232,False,,,,,False,,,,
point_lio,HEADLAND_01,HEADLAND,1,1767659550.1024132,55,UNKNOWN,,UNKNOWN,,manual_topology_not_confirmed,40,10,1100,40,backend_map:point_lio,canonical_backend,,,rank_frequency,,20,1144.pcd,1144,UNKNOWN,,,,UNKNOWN,,,,0.8175170780676484,0.5480803380356964,17.95139113,15.86311119,10.027818031075913,47.766707362071955,False,,,,,False,,,,
point_lio,HEADLAND_01,HEADLAND,1,1767659550.1024132,55,UNKNOWN,,UNKNOWN,,manual_topology_not_confirmed,40,10,1100,40,backend_map:point_lio,canonical_backend,,,rank_frequency,,21,737.pcd,737,UNKNOWN,,,,UNKNOWN,,,,0.8130189889406373,0.5472331118148044,32.35372797,-9.410785873,19.73829717332357,16.579573631713007,False,,,,,False,,,,
point_lio,HEADLAND_01,HEADLAND,1,1767659550.1024132,55,UNKNOWN,,UNKNOWN,,manual_topology_not_confirmed,40,10,1100,40,backend_map:point_lio,canonical_backend,,,rank_frequency,,22,59.pcd,59,UNKNOWN,,,,UNKNOWN,,,,0.8122422335215116,0.4109378792496058,25.55325699,8.02088825,1.0320624045712288,52.00884879611446,False,,,,,False,,,,
point_lio,HEADLAND_01,HEADLAND,1,1767659550.1024132,55,UNKNOWN,,UNKNOWN,,manual_topology_not_confirmed,40,10,1100,40,backend_map:point_lio,canonical_backend,,,rank_frequency,,23,14.pcd,14,UNKNOWN,,,,UNKNOWN,,,,0.8114897564251018,0.5055947231783658,6.478694449,2.764060412,19.810449635736386,62.60289720532648,False,,,,,False,,,,
point_lio,HEADLAND_01,HEADLAND,1,1767659550.1024132,55,UNKNOWN,,UNKNOWN,,manual_topology_not_confirmed,40,10,1100,40,backend_map:point_lio,canonical_backend,,,rank_frequency,,24,812.pcd,812,UNKNOWN,,,,UNKNOWN,,,,0.8106238345150589,0.4959052107896244,12.49158067,-20.43926773,32.10977524166583,77.79015722892406,False,,,,,False,,,,
point_lio,HEADLAND_01,HEADLAND,1,1767659550.1024132,55,UNKNOWN,,UNKNOWN,,manual_topology_not_confirmed,40,10,1100,40,backend_map:point_lio,canonical_backend,,,rank_frequency,,25,1148.pcd,1148,UNKNOWN,,,,UNKNOWN,,,,0.8074417314009444,0.48863549055132127,19.96449768,16.38463883,9.084599235126067,20.721071253640243,False,,,,,False,,,,
point_lio,HEADLAND_01,HEADLAND,1,1767659550.1024132,55,UNKNOWN,,UNKNOWN,,manual_topology_not_confirmed,40,10,1100,40,backend_map:point_lio,canonical_backend,,,rank_frequency,,26,1149.pcd,1149,UNKNOWN,,,,UNKNOWN,,,,0.8032747218539952,0.5053701284940583,20.2344263,16.22244114,8.796052522967015,10.663160669276833,False,,,,,False,,,,
point_lio,HEADLAND_01,HEADLAND,1,1767659550.1024132,55,UNKNOWN,,UNKNOWN,,manual_topology_not_confirmed,40,10,1100,40,backend_map:point_lio,canonical_backend,,,rank_frequency,,27,1050.pcd,1050,UNKNOWN,,,,UNKNOWN,,,,0.7934242449604553,0.5066510869859693,6.948619484,-18.94348493,33.43085869947829,124.06712040923414,False,,,,,False,,,,
point_lio,HEADLAND_01,HEADLAND,1,1767659550.1024132,55,UNKNOWN,,UNKNOWN,,manual_topology_not_confirmed,40,10,1100,40,backend_map:point_lio,canonical_backend,,,rank_frequency,,28,13.pcd,13,UNKNOWN,,,,UNKNOWN,,,,0.7875198148335331,0.5151707489560639,5.95430074,2.529840828,20.382038719240363,62.83631057298218,False,,,,,False,,,,
point_lio,HEADLAND_01,HEADLAND,1,1767659550.1024132,55,UNKNOWN,,UNKNOWN,,manual_topology_not_confirmed,40,10,1100,40,backend_map:point_lio,canonical_backend,,,rank_frequency,,29,736.pcd,736,UNKNOWN,,,,UNKNOWN,,,,0.7874472432006597,0.5161911991593744,32.18728502,-9.215476816,19.4964848332974,34.598720469545896,False,,,,,False,,,,
point_lio,HEADLAND_01,HEADLAND,1,1767659550.1024132,55,UNKNOWN,,UNKNOWN,,manual_topology_not_confirmed,40,10,1100,40,backend_map:point_lio,canonical_backend,,,rank_frequency,,30,61.pcd,61,UNKNOWN,,,,UNKNOWN,,,,0.7828016537935709,0.47601842040057457,25.41792907,7.741317375,1.281742848181938,71.78838281958978,False,,,,,False,,,,
point_lio,HEADLAND_01,HEADLAND,1,1767659550.1024132,55,UNKNOWN,,UNKNOWN,,manual_topology_not_confirmed,40,10,1100,40,backend_map:point_lio,canonical_backend,,,rank_frequency,,31,735.pcd,735,UNKNOWN,,,,UNKNOWN,,,,0.7799483172632051,0.5451269622661479,32.05519569,-9.107975541,19.34933364584474,44.48714094834564,False,,,,,False,,,,
point_lio,HEADLAND_01,HEADLAND,1,1767659550.1024132,55,UNKNOWN,,UNKNOWN,,manual_topology_not_confirmed,40,10,1100,40,backend_map:point_lio,canonical_backend,,,rank_frequency,,32,51.pcd,51,UNKNOWN,,,,UNKNOWN,,,,0.7787707368683702,0.5119727976916518,24.38648282,9.706189926,1.127100294874218,43.29852204720551,False,,,,,False,,,,
point_lio,HEADLAND_01,HEADLAND,1,1767659550.1024132,55,UNKNOWN,,UNKNOWN,,manual_topology_not_confirmed,40,10,1100,40,backend_map:point_lio,canonical_backend,,,rank_frequency,,33,1175.pcd,1175,UNKNOWN,,,,UNKNOWN,,,,0.7768601525976796,0.544021994445501,15.59581001,8.966806036,9.681305336963613,96.97643146160851,False,,,,,False,,,,
point_lio,HEADLAND_01,HEADLAND,1,1767659550.1024132,55,UNKNOWN,,UNKNOWN,,manual_topology_not_confirmed,40,10,1100,40,backend_map:point_lio,canonical_backend,,,rank_frequency,,34,1010.pcd,1010,UNKNOWN,,,,UNKNOWN,,,,0.7763009294689484,0.5584532492122956,20.20187438,-23.00298322,32.417997353025164,103.91551093980618,False,,,,,False,,,,
point_lio,HEADLAND_01,HEADLAND,1,1767659550.1024132,55,UNKNOWN,,UNKNOWN,,manual_topology_not_confirmed,40,10,1100,40,backend_map:point_lio,canonical_backend,,,rank_frequency,,35,50.pcd,50,UNKNOWN,,,,UNKNOWN,,,,0.7746054130114884,0.5516066422017061,23.92967095,9.655271061,1.4915955050600809,56.09099554193136,False,,,,,False,,,,
point_lio,HEADLAND_01,HEADLAND,1,1767659550.1024132,55,UNKNOWN,,UNKNOWN,,manual_topology_not_confirmed,40,10,1100,40,backend_map:point_lio,canonical_backend,,,rank_frequency,,36,1017.pcd,1017,UNKNOWN,,,,UNKNOWN,,,,0.7673024001089604,0.5064370298989841,16.5849248,-24.45977148,34.58513692482094,108.7084880443243,False,,,,,False,,,,
point_lio,HEADLAND_01,HEADLAND,1,1767659550.1024132,55,UNKNOWN,,UNKNOWN,,manual_topology_not_confirmed,40,10,1100,40,backend_map:point_lio,canonical_backend,,,rank_frequency,,37,1008.pcd,1008,UNKNOWN,,,,UNKNOWN,,,,0.7646334921344626,0.49558925519497266,21.25200928,-22.65048431,31.920552300272373,108.73405033078683,False,,,,,False,,,,
point_lio,HEADLAND_01,HEADLAND,1,1767659550.1024132,55,UNKNOWN,,UNKNOWN,,manual_topology_not_confirmed,40,10,1100,40,backend_map:point_lio,canonical_backend,,,rank_frequency,,38,44.pcd,44,UNKNOWN,,,,UNKNOWN,,,,0.7432004206862662,0.5337758360059771,21.27426133,8.546024987,4.0301459685453205,66.10833460355225,False,,,,,False,,,,
point_lio,HEADLAND_01,HEADLAND,1,1767659550.1024132,55,UNKNOWN,,UNKNOWN,,manual_topology_not_confirmed,40,10,1100,40,backend_map:point_lio,canonical_backend,,,rank_frequency,,39,1026.pcd,1026,UNKNOWN,,,,UNKNOWN,,,,0.7391464074103279,0.5702161958054045,12.29696037,-26.24452581,37.57307234823917,101.36027330617885,False,,,,,False,,,,
point_lio,HEADLAND_01,HEADLAND,1,1767659550.1024132,55,UNKNOWN,,UNKNOWN,,manual_topology_not_confirmed,40,10,1100,40,backend_map:point_lio,canonical_backend,,,rank_frequency,,40,1023.pcd,1023,UNKNOWN,,,,UNKNOWN,,,,0.7145956304870866,0.5276596479855062,13.49540257,-25.76693021,36.72340701458156,116.5465774862416,False,,,,,False,,,,
point_lio,HEADLAND_01,HEADLAND,3,1767659550.1024132,55,UNKNOWN,,UNKNOWN,,manual_topology_not_confirmed,40,10,1100,40,backend_map:point_lio,canonical_backend,,,rank_frequency,,1,60.pcd,60,UNKNOWN,,,,UNKNOWN,,,,0.8432128050065973,0.5273460159190607,25.52968911,7.899437445,1.1441057925684828,63.51824274732184,True,False,0.9940586706275529,49.252357,False,True,0.13661714340944325,0.9974006683995544,,False
point_lio,HEADLAND_01,HEADLAND,3,1767659550.1024132,55,UNKNOWN,,UNKNOWN,,manual_topology_not_confirmed,40,10,1100,40,backend_map:point_lio,canonical_backend,,,rank_frequency,,2,1178.pcd,1178,UNKNOWN,,,,UNKNOWN,,,,0.8260304849889688,0.4476564408098069,14.15243282,8.350750408,11.144391908688984,99.13359389563402,True,False,0.9391013739324173,159.257473,False,False,,,,
point_lio,HEADLAND_01,HEADLAND,3,1767659550.1024132,55,UNKNOWN,,UNKNOWN,,manual_topology_not_confirmed,40,10,1100,40,backend_map:point_lio,canonical_backend,,,rank_frequency,,3,1179.pcd,1179,UNKNOWN,,,,UNKNOWN,,,,0.8148397834255179,0.4657852898619558,13.65805977,8.098245401,11.655067535127397,100.0924596966722,True,False,0.966951355365763,147.386483,False,False,,,,
point_lio,HEADLAND_01,HEADLAND,3,1767659550.1024132,55,UNKNOWN,,UNKNOWN,,manual_topology_not_confirmed,40,10,1100,40,backend_map:point_lio,canonical_backend,,,rank_frequency,,4,1161.pcd,1161,UNKNOWN,,,,UNKNOWN,,,,0.8132005997607312,0.4055437370013349,21.50477115,11.74162986,4.65431014640268,70.07092838971957,True,False,0.8536947642034906,125.42905,False,False,,,,
point_lio,HEADLAND_01,HEADLAND,3,1767659550.1024132,55,UNKNOWN,,UNKNOWN,,manual_topology_not_confirmed,40,10,1100,40,backend_map:point_lio,canonical_backend,,,rank_frequency,,5,1162.pcd,1162,UNKNOWN,,,,UNKNOWN,,,,0.8123653271929866,0.5352592450370243,21.3745512,11.54705988,4.6517659604242,73.2169931653953,True,False,0.9528406981062013,47.795563,False,False,,,,
point_lio,HEADLAND_01,HEADLAND,3,1767659550.1024132,55,UNKNOWN,,UNKNOWN,,manual_topology_not_confirmed,40,10,1100,40,backend_map:point_lio,canonical_backend,,,rank_frequency,,6,41.pcd,41,UNKNOWN,,,,UNKNOWN,,,,0.8122794954692646,0.5086758582819452,19.78701519,7.996589485,5.583691803027386,65.18928848442077,True,False,0.9561826958782027,120.922512,False,False,,,,
point_lio,HEADLAND_01,HEADLAND,3,1767659550.1024132,55,UNKNOWN,,UNKNOWN,,manual_topology_not_confirmed,40,10,1100,40,backend_map:point_lio,canonical_backend,,,rank_frequency,,7,40.pcd,40,UNKNOWN,,,,UNKNOWN,,,,0.8114466296834186,0.505780593028344,19.32165762,7.763436015,6.085488070540457,67.77193576929444,True,False,0.941329372447085,75.276991,False,False,,,,
point_lio,HEADLAND_01,HEADLAND,3,1767659550.1024132,55,UNKNOWN,,UNKNOWN,,manual_topology_not_confirmed,40,10,1100,40,backend_map:point_lio,canonical_backend,,,rank_frequency,,8,64.pcd,64,UNKNOWN,,,,UNKNOWN,,,,0.8092857080590317,0.5065796218213693,24.72080878,7.244215456,1.8563515578747485,105.28057111026966,True,False,0.9840326773115484,89.135298,False,False,,,,
point_lio,HEADLAND_01,HEADLAND,3,1767659550.1024132,55,UNKNOWN,,UNKNOWN,,manual_topology_not_confirmed,40,10,1100,40,backend_map:point_lio,canonical_backend,,,rank_frequency,,9,1176.pcd,1176,UNKNOWN,,,,UNKNOWN,,,,0.8085063588222139,0.44473360749571295,15.13415105,8.758866113,10.146083700968164,98.70025422114881,True,False,0.9379873746750835,150.637671,False,False,,,,
point_lio,HEADLAND_01,HEADLAND,3,1767659550.1024132,55,UNKNOWN,,UNKNOWN,,manual_topology_not_confirmed,40,10,1100,40,backend_map:point_lio,canonical_backend,,,rank_frequency,,10,1159.pcd,1159,UNKNOWN,,,,UNKNOWN,,,,0.8078889424390041,0.3448818325987347,21.66197175,12.08445708,4.742170627770973,35.54217675295605,True,False,0.8911994058670628,78.130675,False,False,,,,
point_lio,HEADLAND_01,HEADLAND,3,1767659550.1024132,55,UNKNOWN,,UNKNOWN,,manual_topology_not_confirmed,40,10,1100,40,backend_map:point_lio,canonical_backend,,,rank_frequency,,11,1163.pcd,1163,UNKNOWN,,,,UNKNOWN,,,,0.8050886706775301,0.43148857644931404,21.16892881,11.35917757,4.729695119165713,82.24126941756472,False,,,,,False,,,,
point_lio,HEADLAND_01,HEADLAND,3,1767659550.1024132,55,UNKNOWN,,UNKNOWN,,manual_topology_not_confirmed,40,10,1100,40,backend_map:point_lio,canonical_backend,,,rank_frequency,,12,1170.pcd,1170,UNKNOWN,,,,UNKNOWN,,,,0.8019529681847726,0.4406829279973044,18.30754471,9.91856764,7.02774047696305,92.29179315805858,False,,,,,False,,,,
point_lio,HEADLAND_01,HEADLAND,3,1767659550.1024132,55,UNKNOWN,,UNKNOWN,,manual_topology_not_confirmed,40,10,1100,40,backend_map:point_lio,canonical_backend,,,rank_frequency,,13,1175.pcd,1175,UNKNOWN,,,,UNKNOWN,,,,0.8014664507639838,0.4239116833991646,15.59581001,8.966806036,9.681305336963613,96.97643146160851,False,,,,,False,,,,
point_lio,HEADLAND_01,HEADLAND,3,1767659550.1024132,55,UNKNOWN,,UNKNOWN,,manual_topology_not_confirmed,40,10,1100,40,backend_map:point_lio,canonical_backend,,,rank_frequency,,14,1169.pcd,1169,UNKNOWN,,,,UNKNOWN,,,,0.8009747356818904,0.4985796473600241,18.77113387,10.18954878,6.610983509989273,94.94595298798178,False,,,,,False,,,,
point_lio,HEADLAND_01,HEADLAND,3,1767659550.1024132,55,UNKNOWN,,UNKNOWN,,manual_topology_not_confirmed,40,10,1100,40,backend_map:point_lio,canonical_backend,,,rank_frequency,,15,1150.pcd,1150,UNKNOWN,,,,UNKNOWN,,,,0.7995391712739843,0.5002361085744556,20.3777726,15.98798062,8.521784288946492,0.6077953038936186,False,,,,,False,,,,
point_lio,HEADLAND_01,HEADLAND,3,1767659550.1024132,55,UNKNOWN,,UNKNOWN,,manual_topology_not_confirmed,40,10,1100,40,backend_map:point_lio,canonical_backend,,,rank_frequency,,16,1177.pcd,1177,UNKNOWN,,,,UNKNOWN,,,,0.7995161512907216,0.3940240458795207,14.62405569,8.601430604,10.66097424311548,98.38565968090862,False,,,,,False,,,,
point_lio,HEADLAND_01,HEADLAND,3,1767659550.1024132,55,UNKNOWN,,UNKNOWN,,manual_topology_not_confirmed,40,10,1100,40,backend_map:point_lio,canonical_backend,,,rank_frequency,,17,20.pcd,20,UNKNOWN,,,,UNKNOWN,,,,0.7994008316451572,0.47608392541545985,9.501698188,3.893780481,16.585831277204292,58.14356819778727,False,,,,,False,,,,
point_lio,HEADLAND_01,HEADLAND,3,1767659550.1024132,55,UNKNOWN,,UNKNOWN,,manual_topology_not_confirmed,40,10,1100,40,backend_map:point_lio,canonical_backend,,,rank_frequency,,18,27.pcd,27,UNKNOWN,,,,UNKNOWN,,,,0.7986682267936539,0.4726434604058234,12.93945286,5.223517866,12.9070695162081,56.72352020499791,False,,,,,False,,,,
point_lio,HEADLAND_01,HEADLAND,3,1767659550.1024132,55,UNKNOWN,,UNKNOWN,,manual_topology_not_confirmed,40,10,1100,40,backend_map:point_lio,canonical_backend,,,rank_frequency,,19,1171.pcd,1171,UNKNOWN,,,,UNKNOWN,,,,0.7983043741704339,0.37833093519037514,17.81393166,9.725629995,7.496791581799743,92.50041035690771,False,,,,,False,,,,
point_lio,HEADLAND_01,HEADLAND,3,1767659550.1024132,55,UNKNOWN,,UNKNOWN,,manual_topology_not_confirmed,40,10,1100,40,backend_map:point_lio,canonical_backend,,,rank_frequency,,20,13.pcd,13,UNKNOWN,,,,UNKNOWN,,,,0.7974792328978229,0.5102083115097874,5.95430074,2.529840828,20.382038719240363,62.83631057298218,False,,,,,False,,,,
point_lio,HEADLAND_01,HEADLAND,3,1767659550.1024132,55,UNKNOWN,,UNKNOWN,,manual_topology_not_confirmed,40,10,1100,40,backend_map:point_lio,canonical_backend,,,rank_frequency,,21,5.pcd,5,UNKNOWN,,,,UNKNOWN,,,,0.7970240217890922,0.526979539470938,2.078571014,0.7967493344,24.61120090823056,64.85420623641893,False,,,,,False,,,,
point_lio,HEADLAND_01,HEADLAND,3,1767659550.1024132,55,UNKNOWN,,UNKNOWN,,manual_topology_not_confirmed,40,10,1100,40,backend_map:point_lio,canonical_backend,,,rank_frequency,,22,1167.pcd,1167,UNKNOWN,,,,UNKNOWN,,,,0.7946090755688535,0.42071795280761337,19.52205712,10.62611208,5.976123412797587,101.58388281559007,False,,,,,False,,,,
point_lio,HEADLAND_01,HEADLAND,3,1767659550.1024132,55,UNKNOWN,,UNKNOWN,,manual_topology_not_confirmed,40,10,1100,40,backend_map:point_lio,canonical_backend,,,rank_frequency,,23,1168.pcd,1168,UNKNOWN,,,,UNKNOWN,,,,0.7939529431450947,0.387874835498603,19.10798742,10.34378169,6.310430742461663,102.64411028037566,False,,,,,False,,,,
point_lio,HEADLAND_01,HEADLAND,3,1767659550.1024132,55,UNKNOWN,,UNKNOWN,,manual_topology_not_confirmed,40,10,1100,40,backend_map:point_lio,canonical_backend,,,rank_frequency,,24,29.pcd,29,UNKNOWN,,,,UNKNOWN,,,,0.7907716400137773,0.4933525291141658,13.92884204,5.658688117,11.834158899090621,52.837724943562606,False,,,,,False,,,,
point_lio,HEADLAND_01,HEADLAND,3,1767659550.1024132,55,UNKNOWN,,UNKNOWN,,manual_topology_not_confirmed,40,10,1100,40,backend_map:point_lio,canonical_backend,,,rank_frequency,,25,1153.pcd,1153,UNKNOWN,,,,UNKNOWN,,,,0.7887410693355131,0.5039805791250119,20.64786958,15.31028627,7.8138205361679685,29.788141525640643,False,,,,,False,,,,
point_lio,HEADLAND_01,HEADLAND,3,1767659550.1024132,55,UNKNOWN,,UNKNOWN,,manual_topology_not_confirmed,40,10,1100,40,backend_map:point_lio,canonical_backend,,,rank_frequency,,26,1172.pcd,1172,UNKNOWN,,,,UNKNOWN,,,,0.7881712162328807,0.4381908589340101,17.28881832,9.48458645,8.001949176448289,94.77232540604967,False,,,,,False,,,,
point_lio,HEADLAND_01,HEADLAND,3,1767659550.1024132,55,UNKNOWN,,UNKNOWN,,manual_topology_not_confirmed,40,10,1100,40,backend_map:point_lio,canonical_backend,,,rank_frequency,,27,1173.pcd,1173,UNKNOWN,,,,UNKNOWN,,,,0.7871203689216061,0.4788306607671722,16.72778958,9.344594819,8.555544291788705,99.66289767978941,False,,,,,False,,,,
point_lio,HEADLAND_01,HEADLAND,3,1767659550.1024132,55,UNKNOWN,,UNKNOWN,,manual_topology_not_confirmed,40,10,1100,40,backend_map:point_lio,canonical_backend,,,rank_frequency,,28,1164.pcd,1164,UNKNOWN,,,,UNKNOWN,,,,0.7836425038704686,0.5188581929651526,20.92178141,11.18938505,4.867707137533935,88.77001736591761,False,,,,,False,,,,
point_lio,HEADLAND_01,HEADLAND,3,1767659550.1024132,55,UNKNOWN,,UNKNOWN,,manual_topology_not_confirmed,40,10,1100,40,backend_map:point_lio,canonical_backend,,,rank_frequency,,29,1158.pcd,1158,UNKNOWN,,,,UNKNOWN,,,,0.7819910886834361,0.32284013400020994,21.66678278,12.67630357,5.141658993696329,42.964247130786106,False,,,,,False,,,,
point_lio,HEADLAND_01,HEADLAND,3,1767659550.1024132,55,UNKNOWN,,UNKNOWN,,manual_topology_not_confirmed,40,10,1100,40,backend_map:point_lio,canonical_backend,,,rank_frequency,,30,28.pcd,28,UNKNOWN,,,,UNKNOWN,,,,0.7810096069568064,0.4272380936579125,13.41528562,5.462340067,12.382389347657323,58.5767598444288,False,,,,,False,,,,
point_lio,HEADLAND_01,HEADLAND,3,1767659550.1024132,55,UNKNOWN,,UNKNOWN,,manual_topology_not_confirmed,40,10,1100,40,backend_map:point_lio,canonical_backend,,,rank_frequency,,31,1157.pcd,1157,UNKNOWN,,,,UNKNOWN,,,,0.7779599646511196,0.4701263570379454,21.52354216,13.16771315,5.597412986676165,41.16169777828393,False,,,,,False,,,,
point_lio,HEADLAND_01,HEADLAND,3,1767659550.1024132,55,UNKNOWN,,UNKNOWN,,manual_topology_not_confirmed,40,10,1100,40,backend_map:point_lio,canonical_backend,,,rank_frequency,,32,1154.pcd,1154,UNKNOWN,,,,UNKNOWN,,,,0.7749004845631825,0.41289845213457155,20.8990945,14.76457364,7.226360429368382,37.24755663210674,False,,,,,False,,,,
point_lio,HEADLAND_01,HEADLAND,3,1767659550.1024132,55,UNKNOWN,,UNKNOWN,,manual_topology_not_confirmed,40,10,1100,40,backend_map:point_lio,canonical_backend,,,rank_frequency,,33,1174.pcd,1174,UNKNOWN,,,,UNKNOWN,,,,0.7746809750923511,0.46785592623257466,16.08659315,9.132260958,9.191145166449337,104.61544093963965,False,,,,,False,,,,
point_lio,HEADLAND_01,HEADLAND,3,1767659550.1024132,55,UNKNOWN,,UNKNOWN,,manual_topology_not_confirmed,40,10,1100,40,backend_map:point_lio,canonical_backend,,,rank_frequency,,34,1160.pcd,1160,UNKNOWN,,,,UNKNOWN,,,,0.7741648844893386,0.19951913766392035,21.59866055,11.90175787,4.675664974232433,50.489577913748874,False,,,,,False,,,,
point_lio,HEADLAND_01,HEADLAND,3,1767659550.1024132,55,UNKNOWN,,UNKNOWN,,manual_topology_not_confirmed,40,10,1100,40,backend_map:point_lio,canonical_backend,,,rank_frequency,,35,65.pcd,65,UNKNOWN,,,,UNKNOWN,,,,0.7729664686519719,0.527851004889598,24.21718137,7.054640068,2.228753991535376,111.55504324153429,False,,,,,False,,,,
point_lio,HEADLAND_01,HEADLAND,3,1767659550.1024132,55,UNKNOWN,,UNKNOWN,,manual_topology_not_confirmed,40,10,1100,40,backend_map:point_lio,canonical_backend,,,rank_frequency,,36,9.pcd,9,UNKNOWN,,,,UNKNOWN,,,,0.7716074234849931,0.4926929285589609,4.069525108,1.818337874,22.39537520855093,56.710120664687906,False,,,,,False,,,,
point_lio,HEADLAND_01,HEADLAND,3,1767659550.1024132,55,UNKNOWN,,UNKNOWN,,manual_topology_not_confirmed,40,10,1100,40,backend_map:point_lio,canonical_backend,,,rank_frequency,,37,8.pcd,8,UNKNOWN,,,,UNKNOWN,,,,0.7709087974304957,0.5018317247858148,3.537844521,1.567160873,22.979669725637937,60.44472829439606,False,,,,,False,,,,
point_lio,HEADLAND_01,HEADLAND,3,1767659550.1024132,55,UNKNOWN,,UNKNOWN,,manual_topology_not_confirmed,40,10,1100,40,backend_map:point_lio,canonical_backend,,,rank_frequency,,38,31.pcd,31,UNKNOWN,,,,UNKNOWN,,,,0.7699901061403378,0.4773341744400504,14.70503237,5.971214286,11.001488922562235,57.54585959932064,False,,,,,False,,,,
point_lio,HEADLAND_01,HEADLAND,3,1767659550.1024132,55,UNKNOWN,,UNKNOWN,,manual_topology_not_confirmed,40,10,1100,40,backend_map:point_lio,canonical_backend,,,rank_frequency,,39,32.pcd,32,UNKNOWN,,,,UNKNOWN,,,,0.7656560051017879,0.5316749154430744,15.24966381,6.103262554,10.441611175101588,63.51714033813516,False,,,,,False,,,,
point_lio,HEADLAND_01,HEADLAND,3,1767659550.1024132,55,UNKNOWN,,UNKNOWN,,manual_topology_not_confirmed,40,10,1100,40,backend_map:point_lio,canonical_backend,,,rank_frequency,,40,1151.pcd,1151,UNKNOWN,,,,UNKNOWN,,,,0.7642433728280705,0.5238013209921608,20.44734955,15.78741064,8.317878664430715,6.153853161173907,False,,,,,False,,,,
point_lio,HEADLAND_01,HEADLAND,5,1767659550.1024132,55,UNKNOWN,,UNKNOWN,,manual_topology_not_confirmed,40,10,1100,40,backend_map:point_lio,canonical_backend,,,rank_frequency,,1,1178.pcd,1178,UNKNOWN,,,,UNKNOWN,,,,0.8460446502731905,0.5754690775898988,14.15243282,8.350750408,11.144391908688984,99.13359389563402,True,False,0.9371643394199786,210.314366,False,False,,,,
point_lio,HEADLAND_01,HEADLAND,5,1767659550.1024132,55,UNKNOWN,,UNKNOWN,,manual_topology_not_confirmed,40,10,1100,40,backend_map:point_lio,canonical_backend,,,rank_frequency,,2,41.pcd,41,UNKNOWN,,,,UNKNOWN,,,,0.8325878846387973,0.5784106717091945,19.78701519,7.996589485,5.583691803027386,65.18928848442077,True,False,0.939312567132116,100.637564,False,False,,,,
point_lio,HEADLAND_01,HEADLAND,5,1767659550.1024132,55,UNKNOWN,,UNKNOWN,,manual_topology_not_confirmed,40,10,1100,40,backend_map:point_lio,canonical_backend,,,rank_frequency,,3,40.pcd,40,UNKNOWN,,,,UNKNOWN,,,,0.8302622315096808,0.6241124375942484,19.32165762,7.763436015,6.085488070540457,67.77193576929444,True,False,0.9390440386680988,173.902315,False,False,,,,
point_lio,HEADLAND_01,HEADLAND,5,1767659550.1024132,55,UNKNOWN,,UNKNOWN,,manual_topology_not_confirmed,40,10,1100,40,backend_map:point_lio,canonical_backend,,,rank_frequency,,4,1179.pcd,1179,UNKNOWN,,,,UNKNOWN,,,,0.8262155139399102,0.5951771891323732,13.65805977,8.098245401,11.655067535127397,100.0924596966722,True,False,0.9629430719656283,171.848991,False,False,,,,
point_lio,HEADLAND_01,HEADLAND,5,1767659550.1024132,55,UNKNOWN,,UNKNOWN,,manual_topology_not_confirmed,40,10,1100,40,backend_map:point_lio,canonical_backend,,,rank_frequency,,5,1162.pcd,1162,UNKNOWN,,,,UNKNOWN,,,,0.8257705440098331,0.3795317472136108,21.3745512,11.54705988,4.6517659604242,73.2169931653953,True,False,0.9484425349087003,70.689878,False,False,,,,
point_lio,HEADLAND_01,HEADLAND,5,1767659550.1024132,55,UNKNOWN,,UNKNOWN,,manual_topology_not_confirmed,40,10,1100,40,backend_map:point_lio,canonical_backend,,,rank_frequency,,6,1176.pcd,1176,UNKNOWN,,,,UNKNOWN,,,,0.8237375099394825,0.543611041389326,15.13415105,8.758866113,10.146083700968164,98.70025422114881,True,False,0.9347475832438239,199.201475,False,False,,,,
point_lio,HEADLAND_01,HEADLAND,5,1767659550.1024132,55,UNKNOWN,,UNKNOWN,,manual_topology_not_confirmed,40,10,1100,40,backend_map:point_lio,canonical_backend,,,rank_frequency,,7,64.pcd,64,UNKNOWN,,,,UNKNOWN,,,,0.8221140522159691,0.6048409685764701,24.72080878,7.244215456,1.8563515578747485,105.28057111026966,True,False,0.9785177228786252,187.340371,False,True,0.3714629509978673,0.9895273899033298,,False
point_lio,HEADLAND_01,HEADLAND,5,1767659550.1024132,55,UNKNOWN,,UNKNOWN,,manual_topology_not_confirmed,40,10,1100,40,backend_map:point_lio,canonical_backend,,,rank_frequency,,8,1175.pcd,1175,UNKNOWN,,,,UNKNOWN,,,,0.8220471519934449,0.61486543118945,15.59581001,8.966806036,9.681305336963613,96.97643146160851,True,False,0.9049409237379162,228.010986,False,False,,,,
point_lio,HEADLAND_01,HEADLAND,5,1767659550.1024132,55,UNKNOWN,,UNKNOWN,,manual_topology_not_confirmed,40,10,1100,40,backend_map:point_lio,canonical_backend,,,rank_frequency,,9,1161.pcd,1161,UNKNOWN,,,,UNKNOWN,,,,0.8216328939188212,0.32999615373412733,21.50477115,11.74162986,4.65431014640268,70.07092838971957,True,False,0.8488184747583244,164.630068,False,False,,,,
point_lio,HEADLAND_01,HEADLAND,5,1767659550.1024132,55,UNKNOWN,,UNKNOWN,,manual_topology_not_confirmed,40,10,1100,40,backend_map:point_lio,canonical_backend,,,rank_frequency,,10,1163.pcd,1163,UNKNOWN,,,,UNKNOWN,,,,0.8187796650718226,0.3599730244083135,21.16892881,11.35917757,4.729695119165713,82.24126941756472,True,False,0.8995703544575725,133.953117,False,False,,,,
point_lio,HEADLAND_01,HEADLAND,5,1767659550.1024132,55,UNKNOWN,,UNKNOWN,,manual_topology_not_confirmed,40,10,1100,40,backend_map:point_lio,canonical_backend,,,rank_frequency,,11,26.pcd,26,UNKNOWN,,,,UNKNOWN,,,,0.8154626893228537,0.5390732346255014,12.46249019,5.023906612,13.421722495113567,61.995775976022664,False,,,,,False,,,,
point_lio,HEADLAND_01,HEADLAND,5,1767659550.1024132,55,UNKNOWN,,UNKNOWN,,manual_topology_not_confirmed,40,10,1100,40,backend_map:point_lio,canonical_backend,,,rank_frequency,,12,1171.pcd,1171,UNKNOWN,,,,UNKNOWN,,,,0.8139310730806227,0.5206002552690875,17.81393166,9.725629995,7.496791581799743,92.50041035690771,False,,,,,False,,,,
point_lio,HEADLAND_01,HEADLAND,5,1767659550.1024132,55,UNKNOWN,,UNKNOWN,,manual_topology_not_confirmed,40,10,1100,40,backend_map:point_lio,canonical_backend,,,rank_frequency,,13,1159.pcd,1159,UNKNOWN,,,,UNKNOWN,,,,0.8121155917496934,0.3569463160537251,21.66197175,12.08445708,4.742170627770973,35.54217675295605,False,,,,,False,,,,
point_lio,HEADLAND_01,HEADLAND,5,1767659550.1024132,55,UNKNOWN,,UNKNOWN,,manual_topology_not_confirmed,40,10,1100,40,backend_map:point_lio,canonical_backend,,,rank_frequency,,14,27.pcd,27,UNKNOWN,,,,UNKNOWN,,,,0.8114519125524707,0.499590596660951,12.93945286,5.223517866,12.9070695162081,56.72352020499791,False,,,,,False,,,,
point_lio,HEADLAND_01,HEADLAND,5,1767659550.1024132,55,UNKNOWN,,UNKNOWN,,manual_topology_not_confirmed,40,10,1100,40,backend_map:point_lio,canonical_backend,,,rank_frequency,,15,1167.pcd,1167,UNKNOWN,,,,UNKNOWN,,,,0.8111647580417626,0.5308399534756375,19.52205712,10.62611208,5.976123412797587,101.58388281559007,False,,,,,False,,,,
point_lio,HEADLAND_01,HEADLAND,5,1767659550.1024132,55,UNKNOWN,,UNKNOWN,,manual_topology_not_confirmed,40,10,1100,40,backend_map:point_lio,canonical_backend,,,rank_frequency,,16,5.pcd,5,UNKNOWN,,,,UNKNOWN,,,,0.8107048946939283,0.6393046114652982,2.078571014,0.7967493344,24.61120090823056,64.85420623641893,False,,,,,False,,,,
point_lio,HEADLAND_01,HEADLAND,5,1767659550.1024132,55,UNKNOWN,,UNKNOWN,,manual_topology_not_confirmed,40,10,1100,40,backend_map:point_lio,canonical_backend,,,rank_frequency,,17,1152.pcd,1152,UNKNOWN,,,,UNKNOWN,,,,0.8098350397689253,0.5385253598346449,20.52713652,15.59127674,8.112013870916396,20.021533145086615,False,,,,,False,,,,
point_lio,HEADLAND_01,HEADLAND,5,1767659550.1024132,55,UNKNOWN,,UNKNOWN,,manual_topology_not_confirmed,40,10,1100,40,backend_map:point_lio,canonical_backend,,,rank_frequency,,18,1172.pcd,1172,UNKNOWN,,,,UNKNOWN,,,,0.8088011080295155,0.5663371131236912,17.28881832,9.48458645,8.001949176448289,94.77232540604967,False,,,,,False,,,,
point_lio,HEADLAND_01,HEADLAND,5,1767659550.1024132,55,UNKNOWN,,UNKNOWN,,manual_topology_not_confirmed,40,10,1100,40,backend_map:point_lio,canonical_backend,,,rank_frequency,,19,20.pcd,20,UNKNOWN,,,,UNKNOWN,,,,0.8081639081972913,0.6110676602236188,9.501698188,3.893780481,16.585831277204292,58.14356819778727,False,,,,,False,,,,
point_lio,HEADLAND_01,HEADLAND,5,1767659550.1024132,55,UNKNOWN,,UNKNOWN,,manual_topology_not_confirmed,40,10,1100,40,backend_map:point_lio,canonical_backend,,,rank_frequency,,20,1169.pcd,1169,UNKNOWN,,,,UNKNOWN,,,,0.8081623009857377,0.48848518698125254,18.77113387,10.18954878,6.610983509989273,94.94595298798178,False,,,,,False,,,,
point_lio,HEADLAND_01,HEADLAND,5,1767659550.1024132,55,UNKNOWN,,UNKNOWN,,manual_topology_not_confirmed,40,10,1100,40,backend_map:point_lio,canonical_backend,,,rank_frequency,,21,1168.pcd,1168,UNKNOWN,,,,UNKNOWN,,,,0.8081085167363237,0.4283948453298487,19.10798742,10.34378169,6.310430742461663,102.64411028037566,False,,,,,False,,,,
point_lio,HEADLAND_01,HEADLAND,5,1767659550.1024132,55,UNKNOWN,,UNKNOWN,,manual_topology_not_confirmed,40,10,1100,40,backend_map:point_lio,canonical_backend,,,rank_frequency,,22,1177.pcd,1177,UNKNOWN,,,,UNKNOWN,,,,0.8065445029526255,0.5169447559424623,14.62405569,8.601430604,10.66097424311548,98.38565968090862,False,,,,,False,,,,
point_lio,HEADLAND_01,HEADLAND,5,1767659550.1024132,55,UNKNOWN,,UNKNOWN,,manual_topology_not_confirmed,40,10,1100,40,backend_map:point_lio,canonical_backend,,,rank_frequency,,23,1170.pcd,1170,UNKNOWN,,,,UNKNOWN,,,,0.8050616520001596,0.47839689066202185,18.30754471,9.91856764,7.02774047696305,92.29179315805858,False,,,,,False,,,,
point_lio,HEADLAND_01,HEADLAND,5,1767659550.1024132,55,UNKNOWN,,UNKNOWN,,manual_topology_not_confirmed,40,10,1100,40,backend_map:point_lio,canonical_backend,,,rank_frequency,,24,1153.pcd,1153,UNKNOWN,,,,UNKNOWN,,,,0.803615936269063,0.5395267491693598,20.64786958,15.31028627,7.8138205361679685,29.788141525640643,False,,,,,False,,,,
point_lio,HEADLAND_01,HEADLAND,5,1767659550.1024132,55,UNKNOWN,,UNKNOWN,,manual_topology_not_confirmed,40,10,1100,40,backend_map:point_lio,canonical_backend,,,rank_frequency,,25,1155.pcd,1155,UNKNOWN,,,,UNKNOWN,,,,0.8030681359360123,0.5587703177883983,21.11659865,14.30797724,6.732120382513936,38.61792616454354,False,,,,,False,,,,
point_lio,HEADLAND_01,HEADLAND,5,1767659550.1024132,55,UNKNOWN,,UNKNOWN,,manual_topology_not_confirmed,40,10,1100,40,backend_map:point_lio,canonical_backend,,,rank_frequency,,26,8.pcd,8,UNKNOWN,,,,UNKNOWN,,,,0.7987061988157816,0.6389722671902468,3.537844521,1.567160873,22.979669725637937,60.44472829439606,False,,,,,False,,,,
point_lio,HEADLAND_01,HEADLAND,5,1767659550.1024132,55,UNKNOWN,,UNKNOWN,,manual_topology_not_confirmed,40,10,1100,40,backend_map:point_lio,canonical_backend,,,rank_frequency,,27,28.pcd,28,UNKNOWN,,,,UNKNOWN,,,,0.7959015607372676,0.52970451283254,13.41528562,5.462340067,12.382389347657323,58.5767598444288,False,,,,,False,,,,
point_lio,HEADLAND_01,HEADLAND,5,1767659550.1024132,55,UNKNOWN,,UNKNOWN,,manual_topology_not_confirmed,40,10,1100,40,backend_map:point_lio,canonical_backend,,,rank_frequency,,28,1164.pcd,1164,UNKNOWN,,,,UNKNOWN,,,,0.7949319233157578,0.4140138147060202,20.92178141,11.18938505,4.867707137533935,88.77001736591761,False,,,,,False,,,,
point_lio,HEADLAND_01,HEADLAND,5,1767659550.1024132,55,UNKNOWN,,UNKNOWN,,manual_topology_not_confirmed,40,10,1100,40,backend_map:point_lio,canonical_backend,,,rank_frequency,,29,9.pcd,9,UNKNOWN,,,,UNKNOWN,,,,0.7946077196538952,0.6346494279248156,4.069525108,1.818337874,22.39537520855093,56.710120664687906,False,,,,,False,,,,
point_lio,HEADLAND_01,HEADLAND,5,1767659550.1024132,55,UNKNOWN,,UNKNOWN,,manual_topology_not_confirmed,40,10,1100,40,backend_map:point_lio,canonical_backend,,,rank_frequency,,30,1166.pcd,1166,UNKNOWN,,,,UNKNOWN,,,,0.7926864590633467,0.620653227040989,20.0487061,10.82653613,5.533137663626053,99.89674665173408,False,,,,,False,,,,
point_lio,HEADLAND_01,HEADLAND,5,1767659550.1024132,55,UNKNOWN,,UNKNOWN,,manual_topology_not_confirmed,40,10,1100,40,backend_map:point_lio,canonical_backend,,,rank_frequency,,31,1154.pcd,1154,UNKNOWN,,,,UNKNOWN,,,,0.7926292601978921,0.48195584338715275,20.8990945,14.76457364,7.226360429368382,37.24755663210674,False,,,,,False,,,,
point_lio,HEADLAND_01,HEADLAND,5,1767659550.1024132,55,UNKNOWN,,UNKNOWN,,manual_topology_not_confirmed,40,10,1100,40,backend_map:point_lio,canonical_backend,,,rank_frequency,,32,1160.pcd,1160,UNKNOWN,,,,UNKNOWN,,,,0.7923570444897381,0.2521918640596622,21.59866055,11.90175787,4.675664974232433,50.489577913748874,False,,,,,False,,,,
point_lio,HEADLAND_01,HEADLAND,5,1767659550.1024132,55,UNKNOWN,,UNKNOWN,,manual_topology_not_confirmed,40,10,1100,40,backend_map:point_lio,canonical_backend,,,rank_frequency,,33,1174.pcd,1174,UNKNOWN,,,,UNKNOWN,,,,0.79138490679909,0.5946191922327394,16.08659315,9.132260958,9.191145166449337,104.61544093963965,False,,,,,False,,,,
point_lio,HEADLAND_01,HEADLAND,5,1767659550.1024132,55,UNKNOWN,,UNKNOWN,,manual_topology_not_confirmed,40,10,1100,40,backend_map:point_lio,canonical_backend,,,rank_frequency,,34,1157.pcd,1157,UNKNOWN,,,,UNKNOWN,,,,0.7905157076765644,0.4406527043457432,21.52354216,13.16771315,5.597412986676165,41.16169777828393,False,,,,,False,,,,
point_lio,HEADLAND_01,HEADLAND,5,1767659550.1024132,55,UNKNOWN,,UNKNOWN,,manual_topology_not_confirmed,40,10,1100,40,backend_map:point_lio,canonical_backend,,,rank_frequency,,35,1165.pcd,1165,UNKNOWN,,,,UNKNOWN,,,,0.788822339320138,0.49684912879647675,20.6372846,11.0652549,5.072402365143982,102.74401926342037,False,,,,,False,,,,
point_lio,HEADLAND_01,HEADLAND,5,1767659550.1024132,55,UNKNOWN,,UNKNOWN,,manual_topology_not_confirmed,40,10,1100,40,backend_map:point_lio,canonical_backend,,,rank_frequency,,36,65.pcd,65,UNKNOWN,,,,UNKNOWN,,,,0.7879686410227688,0.6187889145563412,24.21718137,7.054640068,2.228753991535376,111.55504324153429,False,,,,,False,,,,
point_lio,HEADLAND_01,HEADLAND,5,1767659550.1024132,55,UNKNOWN,,UNKNOWN,,manual_topology_not_confirmed,40,10,1100,40,backend_map:point_lio,canonical_backend,,,rank_frequency,,37,1156.pcd,1156,UNKNOWN,,,,UNKNOWN,,,,0.7863682034931999,0.5517221798362087,21.30656668,13.73632063,6.168665867927731,42.167967682476956,False,,,,,False,,,,
point_lio,HEADLAND_01,HEADLAND,5,1767659550.1024132,55,UNKNOWN,,UNKNOWN,,manual_topology_not_confirmed,40,10,1100,40,backend_map:point_lio,canonical_backend,,,rank_frequency,,38,1158.pcd,1158,UNKNOWN,,,,UNKNOWN,,,,0.7846552074758066,0.2878361732863299,21.66678278,12.67630357,5.141658993696329,42.964247130786106,False,,,,,False,,,,
point_lio,HEADLAND_01,HEADLAND,5,1767659550.1024132,55,UNKNOWN,,UNKNOWN,,manual_topology_not_confirmed,40,10,1100,40,backend_map:point_lio,canonical_backend,,,rank_frequency,,39,31.pcd,31,UNKNOWN,,,,UNKNOWN,,,,0.783725468671064,0.5959237462854047,14.70503237,5.971214286,11.001488922562235,57.54585959932064,False,,,,,False,,,,
point_lio,HEADLAND_01,HEADLAND,5,1767659550.1024132,55,UNKNOWN,,UNKNOWN,,manual_topology_not_confirmed,40,10,1100,40,backend_map:point_lio,canonical_backend,,,rank_frequency,,40,1151.pcd,1151,UNKNOWN,,,,UNKNOWN,,,,0.7716253249520263,0.5832864457218482,20.44734955,15.78741064,8.317878664430715,6.153853161173907,False,,,,,False,,,,
point_lio,MIDDLE_01,ROW_MIDDLE,1,1767659531.4044387,23,UNKNOWN,,UNKNOWN,,manual_topology_not_confirmed,40,10,1100,40,backend_map:point_lio,canonical_backend,,,rank_frequency,,1,17.pcd,17,UNKNOWN,,,,UNKNOWN,,,,0.9441512900501576,0.9287992291153938,8.003595777,3.353838964,3.128487102387058,5.273260654967765,True,False,0.9697722567287784,230.453944,False,False,,,,
point_lio,MIDDLE_01,ROW_MIDDLE,1,1767659531.4044387,23,UNKNOWN,,UNKNOWN,,manual_topology_not_confirmed,40,10,1100,40,backend_map:point_lio,canonical_backend,,,rank_frequency,,2,20.pcd,20,UNKNOWN,,,,UNKNOWN,,,,0.9346484878848673,0.9000904172247796,9.501698188,3.893780481,1.5363682946283208,0.8815257453764199,True,False,0.9606625258799172,236.413354,True,False,,,,
point_lio,MIDDLE_01,ROW_MIDDLE,1,1767659531.4044387,23,UNKNOWN,,UNKNOWN,,manual_topology_not_confirmed,40,10,1100,40,backend_map:point_lio,canonical_backend,,,rank_frequency,,3,5.pcd,5,UNKNOWN,,,,UNKNOWN,,,,0.9339086267320921,0.8855717512272498,2.078571014,0.7967493344,9.579370220690105,5.82911229325524,True,False,0.9639751552795031,240.341606,False,False,,,,
point_lio,MIDDLE_01,ROW_MIDDLE,1,1767659531.4044387,23,UNKNOWN,,UNKNOWN,,manual_topology_not_confirmed,40,10,1100,40,backend_map:point_lio,canonical_backend,,,rank_frequency,,4,42.pcd,42,UNKNOWN,,,,UNKNOWN,,,,0.9299998069721476,0.8558296717573969,20.26378777,8.191659429,10.052202847514062,2.326038915256804,True,False,0.9581780538302277,67.687639,False,False,,,,
point_lio,MIDDLE_01,ROW_MIDDLE,1,1767659531.4044387,23,UNKNOWN,,UNKNOWN,,manual_topology_not_confirmed,40,10,1100,40,backend_map:point_lio,canonical_backend,,,rank_frequency,,5,26.pcd,26,UNKNOWN,,,,UNKNOWN,,,,0.9167685190451486,0.7377528799654046,12.46249019,5.023906612,1.632916433852984,2.970682032858977,True,False,0.9714285714285714,78.585907,False,False,,,,
point_lio,MIDDLE_01,ROW_MIDDLE,1,1767659531.4044387,23,UNKNOWN,,UNKNOWN,,manual_topology_not_confirmed,40,10,1100,40,backend_map:point_lio,canonical_backend,,,rank_frequency,,6,40.pcd,40,UNKNOWN,,,,UNKNOWN,,,,0.9163734709539261,0.9055194704977684,19.32165762,7.763436015,9.018529028527665,8.746841826130767,True,False,0.9813664596273292,175.55389,False,True,0.1276266767327135,0.9995859213250518,,True
point_lio,MIDDLE_01,ROW_MIDDLE,1,1767659531.4044387,23,UNKNOWN,,UNKNOWN,,manual_topology_not_confirmed,40,10,1100,40,backend_map:point_lio,canonical_backend,,,rank_frequency,,7,41.pcd,41,UNKNOWN,,,,UNKNOWN,,,,0.9161830353351982,0.817989333863638,19.78701519,7.996589485,9.537083066499264,6.164194541257088,True,False,0.9784679089026915,189.408585,False,False,,,,
point_lio,MIDDLE_01,ROW_MIDDLE,1,1767659531.4044387,23,UNKNOWN,,UNKNOWN,,manual_topology_not_confirmed,40,10,1100,40,backend_map:point_lio,canonical_backend,,,rank_frequency,,8,7.pcd,7,UNKNOWN,,,,UNKNOWN,,,,0.9128752241962584,0.8734886513178258,3.041002764,1.276993826,8.506819581815927,5.6864613699306235,True,False,0.9747412008281573,172.45064,False,False,,,,
point_lio,MIDDLE_01,ROW_MIDDLE,1,1767659531.4044387,23,UNKNOWN,,UNKNOWN,,manual_topology_not_confirmed,40,10,1100,40,backend_map:point_lio,canonical_backend,,,rank_frequency,,9,6.pcd,6,UNKNOWN,,,,UNKNOWN,,,,0.9051161401958054,0.9189664317452824,2.565360743,1.063028868,9.027982582235245,1.8769589530843305,True,False,0.9449275362318841,275.022932,False,False,,,,
point_lio,MIDDLE_01,ROW_MIDDLE,1,1767659531.4044387,23,UNKNOWN,,UNKNOWN,,manual_topology_not_confirmed,40,10,1100,40,backend_map:point_lio,canonical_backend,,,rank_frequency,,10,43.pcd,43,UNKNOWN,,,,UNKNOWN,,,,0.9046007677141182,0.8824960564232216,20.76159883,8.38941016,10.587851281976711,4.93483433614553,True,False,0.9478260869565217,56.681245,False,False,,,,
point_lio,MIDDLE_01,ROW_MIDDLE,1,1767659531.4044387,23,UNKNOWN,,UNKNOWN,,manual_topology_not_confirmed,40,10,1100,40,backend_map:point_lio,canonical_backend,,,rank_frequency,,11,27.pcd,27,UNKNOWN,,,,UNKNOWN,,,,0.9018108316758888,0.7560367251971453,12.93945286,5.223517866,2.149635987966542,2.301573738165777,False,,,,,False,,,,
point_lio,MIDDLE_01,ROW_MIDDLE,1,1767659531.4044387,23,UNKNOWN,,UNKNOWN,,manual_topology_not_confirmed,40,10,1100,40,backend_map:point_lio,canonical_backend,,,rank_frequency,,12,1178.pcd,1178,UNKNOWN,,,,UNKNOWN,,,,0.8998213723330022,0.9138761578110601,14.15243282,8.350750408,5.054280674735508,158.15868783879773,False,,,,,False,,,,
point_lio,MIDDLE_01,ROW_MIDDLE,1,1767659531.4044387,23,UNKNOWN,,UNKNOWN,,manual_topology_not_confirmed,40,10,1100,40,backend_map:point_lio,canonical_backend,,,rank_frequency,,13,1177.pcd,1177,UNKNOWN,,,,UNKNOWN,,,,0.8995148281143813,0.9054359420796921,14.62405569,8.601430604,5.551745839499496,157.4107536240723,False,,,,,False,,,,
point_lio,MIDDLE_01,ROW_MIDDLE,1,1767659531.4044387,23,UNKNOWN,,UNKNOWN,,manual_topology_not_confirmed,40,10,1100,40,backend_map:point_lio,canonical_backend,,,rank_frequency,,14,29.pcd,29,UNKNOWN,,,,UNKNOWN,,,,0.8992181589423961,0.9125251052931759,13.92884204,5.658688117,3.2296334317118984,6.187368999601075,False,,,,,False,,,,
point_lio,MIDDLE_01,ROW_MIDDLE,1,1767659531.4044387,23,UNKNOWN,,UNKNOWN,,manual_topology_not_confirmed,40,10,1100,40,backend_map:point_lio,canonical_backend,,,rank_frequency,,15,28.pcd,28,UNKNOWN,,,,UNKNOWN,,,,0.8984545932529703,0.6978751668363681,13.41528562,5.462340067,2.6799125823145857,0.44833409873487956,False,,,,,False,,,,
point_lio,MIDDLE_01,ROW_MIDDLE,1,1767659531.4044387,23,UNKNOWN,,UNKNOWN,,manual_topology_not_confirmed,40,10,1100,40,backend_map:point_lio,canonical_backend,,,rank_frequency,,16,1179.pcd,1179,UNKNOWN,,,,UNKNOWN,,,,0.8965410986505407,0.9202812581596624,13.65805977,8.098245401,4.549977454023275,159.1175536398359,False,,,,,False,,,,
point_lio,MIDDLE_01,ROW_MIDDLE,1,1767659531.4044387,23,UNKNOWN,,UNKNOWN,,manual_topology_not_confirmed,40,10,1100,40,backend_map:point_lio,canonical_backend,,,rank_frequency,,17,31.pcd,31,UNKNOWN,,,,UNKNOWN,,,,0.8912329079277845,0.9330568659283985,14.70503237,5.971214286,4.0663791629726544,1.4792343438430358,False,,,,,False,,,,
point_lio,MIDDLE_01,ROW_MIDDLE,1,1767659531.4044387,23,UNKNOWN,,UNKNOWN,,manual_topology_not_confirmed,40,10,1100,40,backend_map:point_lio,canonical_backend,,,rank_frequency,,18,30.pcd,30,UNKNOWN,,,,UNKNOWN,,,,0.8910397887097913,0.8711695828650107,14.22868714,5.81482783,3.566216840016302,3.6167811551831153,False,,,,,False,,,,
point_lio,MIDDLE_01,ROW_MIDDLE,1,1767659531.4044387,23,UNKNOWN,,UNKNOWN,,manual_topology_not_confirmed,40,10,1100,40,backend_map:point_lio,canonical_backend,,,rank_frequency,,19,9.pcd,9,UNKNOWN,,,,UNKNOWN,,,,0.8905357238952423,0.915972964722811,4.069525108,1.818337874,7.351464436747208,2.314973278475777,False,,,,,False,,,,
point_lio,MIDDLE_01,ROW_MIDDLE,1,1767659531.4044387,23,UNKNOWN,,UNKNOWN,,manual_topology_not_confirmed,40,10,1100,40,backend_map:point_lio,canonical_backend,,,rank_frequency,,20,1175.pcd,1175,UNKNOWN,,,,UNKNOWN,,,,0.8833965579423677,0.8740163166036397,15.59581001,8.966806036,6.488872144059694,156.00152540477222,False,,,,,False,,,,
point_lio,MIDDLE_01,ROW_MIDDLE,1,1767659531.4044387,23,UNKNOWN,,UNKNOWN,,manual_topology_not_confirmed,40,10,1100,40,backend_map:point_lio,canonical_backend,,,rank_frequency,,21,1174.pcd,1174,UNKNOWN,,,,UNKNOWN,,,,0.8832811088593386,0.8602585062912436,16.08659315,9.132260958,6.960221242383498,163.64053488280337,False,,,,,False,,,,
point_lio,MIDDLE_01,ROW_MIDDLE,1,1767659531.4044387,23,UNKNOWN,,UNKNOWN,,manual_topology_not_confirmed,40,10,1100,40,backend_map:point_lio,canonical_backend,,,rank_frequency,,22,64.pcd,64,UNKNOWN,,,,UNKNOWN,,,,0.879642198077634,0.8910328049974763,24.72080878,7.244215456,14.068293215088257,164.30566505343336,False,,,,,False,,,,
point_lio,MIDDLE_01,ROW_MIDDLE,1,1767659531.4044387,23,UNKNOWN,,UNKNOWN,,manual_topology_not_confirmed,40,10,1100,40,backend_map:point_lio,canonical_backend,,,rank_frequency,,23,1172.pcd,1172,UNKNOWN,,,,UNKNOWN,,,,0.8716551208145233,0.8373508915476198,17.28881832,9.48458645,8.105821912206546,153.79741934921338,False,,,,,False,,,,
point_lio,MIDDLE_01,ROW_MIDDLE,1,1767659531.4044387,23,UNKNOWN,,UNKNOWN,,manual_topology_not_confirmed,40,10,1100,40,backend_map:point_lio,canonical_backend,,,rank_frequency,,24,1160.pcd,1160,UNKNOWN,,,,UNKNOWN,,,,0.8707326129223483,0.7069904801807854,21.59866055,11.90175787,13.00885889814252,109.51467185691256,False,,,,,False,,,,
point_lio,MIDDLE_01,ROW_MIDDLE,1,1767659531.4044387,23,UNKNOWN,,UNKNOWN,,manual_topology_not_confirmed,40,10,1100,40,backend_map:point_lio,canonical_backend,,,rank_frequency,,25,1173.pcd,1173,UNKNOWN,,,,UNKNOWN,,,,0.8700398273486601,0.9373248636881111,16.72778958,9.344594819,7.5827154854541545,158.6879916229531,False,,,,,False,,,,
point_lio,MIDDLE_01,ROW_MIDDLE,1,1767659531.4044387,23,UNKNOWN,,UNKNOWN,,manual_topology_not_confirmed,40,10,1100,40,backend_map:point_lio,canonical_backend,,,rank_frequency,,26,62.pcd,62,UNKNOWN,,,,UNKNOWN,,,,0.8675333936686983,0.8765483262538075,25.24151573,7.596780862,14.65055879766758,141.96028482810405,False,,,,,False,,,,
point_lio,MIDDLE_01,ROW_MIDDLE,1,1767659531.4044387,23,UNKNOWN,,UNKNOWN,,manual_topology_not_confirmed,40,10,1100,40,backend_map:point_lio,canonical_backend,,,rank_frequency,,27,1162.pcd,1162,UNKNOWN,,,,UNKNOWN,,,,0.8668693784194418,0.7370496648863111,21.3745512,11.54705988,12.62311388274556,132.242087108559,False,,,,,False,,,,
point_lio,MIDDLE_01,ROW_MIDDLE,1,1767659531.4044387,23,UNKNOWN,,UNKNOWN,,manual_topology_not_confirmed,40,10,1100,40,backend_map:point_lio,canonical_backend,,,rank_frequency,,28,65.pcd,65,UNKNOWN,,,,UNKNOWN,,,,0.8666791930745268,0.9171767398288101,24.21718137,7.054640068,13.537354249305464,170.580137184698,False,,,,,False,,,,
point_lio,MIDDLE_01,ROW_MIDDLE,1,1767659531.4044387,23,UNKNOWN,,UNKNOWN,,manual_topology_not_confirmed,40,10,1100,40,backend_map:point_lio,canonical_backend,,,rank_frequency,,29,1163.pcd,1163,UNKNOWN,,,,UNKNOWN,,,,0.8596020088551188,0.9217005077224855,21.16892881,11.35917757,12.347520912731943,141.26636336072843,False,,,,,False,,,,
point_lio,MIDDLE_01,ROW_MIDDLE,1,1767659531.4044387,23,UNKNOWN,,UNKNOWN,,manual_topology_not_confirmed,40,10,1100,40,backend_map:point_lio,canonical_backend,,,rank_frequency,,30,1167.pcd,1167,UNKNOWN,,,,UNKNOWN,,,,0.8565908097691735,0.7908396459936369,19.52205712,10.62611208,10.576877995394103,160.60897675875376,False,,,,,False,,,,
point_lio,MIDDLE_01,ROW_MIDDLE,1,1767659531.4044387,23,UNKNOWN,,UNKNOWN,,manual_topology_not_confirmed,40,10,1100,40,backend_map:point_lio,canonical_backend,,,rank_frequency,,31,1168.pcd,1168,UNKNOWN,,,,UNKNOWN,,,,0.8552240004845281,0.6872481535927841,19.10798742,10.34378169,10.075872709038165,161.66920422353937,False,,,,,False,,,,
point_lio,MIDDLE_01,ROW_MIDDLE,1,1767659531.4044387,23,UNKNOWN,,UNKNOWN,,manual_topology_not_confirmed,40,10,1100,40,backend_map:point_lio,canonical_backend,,,rank_frequency,,32,1159.pcd,1159,UNKNOWN,,,,UNKNOWN,,,,0.8549929859455261,0.7441101206597188,21.66197175,12.08445708,13.165838484732797,94.56727069611973,False,,,,,False,,,,
point_lio,MIDDLE_01,ROW_MIDDLE,1,1767659531.4044387,23,UNKNOWN,,UNKNOWN,,manual_topology_not_confirmed,40,10,1100,40,backend_map:point_lio,canonical_backend,,,rank_frequency,,33,1169.pcd,1169,UNKNOWN,,,,UNKNOWN,,,,0.8526686656081136,0.801243612596819,18.77113387,10.18954878,9.712657405582203,153.97104693114548,False,,,,,False,,,,
point_lio,MIDDLE_01,ROW_MIDDLE,1,1767659531.4044387,23,UNKNOWN,,UNKNOWN,,manual_topology_not_confirmed,40,10,1100,40,backend_map:point_lio,canonical_backend,,,rank_frequency,,34,1164.pcd,1164,UNKNOWN,,,,UNKNOWN,,,,0.8496978434998224,0.8206034070522716,20.92178141,11.18938505,12.047680199524317,147.7951113090813,False,,,,,False,,,,
point_lio,MIDDLE_01,ROW_MIDDLE,1,1767659531.4044387,23,UNKNOWN,,UNKNOWN,,manual_topology_not_confirmed,40,10,1100,40,backend_map:point_lio,canonical_backend,,,rank_frequency,,35,1170.pcd,1170,UNKNOWN,,,,UNKNOWN,,,,0.849253182882366,0.8413302748382734,18.30754471,9.91856764,9.17866429603307,151.31688710122228,False,,,,,False,,,,
point_lio,MIDDLE_01,ROW_MIDDLE,1,1767659531.4044387,23,UNKNOWN,,UNKNOWN,,manual_topology_not_confirmed,40,10,1100,40,backend_map:point_lio,canonical_backend,,,rank_frequency,,36,1171.pcd,1171,UNKNOWN,,,,UNKNOWN,,,,0.8484735206891796,0.7777014354706615,17.81393166,9.725629995,8.668279267361132,151.52550430007142,False,,,,,False,,,,
point_lio,MIDDLE_01,ROW_MIDDLE,1,1767659531.4044387,23,UNKNOWN,,UNKNOWN,,manual_topology_not_confirmed,40,10,1100,40,backend_map:point_lio,canonical_backend,,,rank_frequency,,37,1165.pcd,1165,UNKNOWN,,,,UNKNOWN,,,,0.8456039488330924,0.85675329956552,20.6372846,11.0652549,11.742525128954403,161.76911320658408,False,,,,,False,,,,
point_lio,MIDDLE_01,ROW_MIDDLE,1,1767659531.4044387,23,UNKNOWN,,UNKNOWN,,manual_topology_not_confirmed,40,10,1100,40,backend_map:point_lio,canonical_backend,,,rank_frequency,,38,1161.pcd,1161,UNKNOWN,,,,UNKNOWN,,,,0.8445112476624046,0.8136224031099095,21.50477115,11.74162986,12.840449539543695,129.09602233288328,False,,,,,False,,,,
point_lio,MIDDLE_01,ROW_MIDDLE,1,1767659531.4044387,23,UNKNOWN,,UNKNOWN,,manual_topology_not_confirmed,40,10,1100,40,backend_map:point_lio,canonical_backend,,,rank_frequency,,39,1158.pcd,1158,UNKNOWN,,,,UNKNOWN,,,,0.8427351303886058,0.7934835081025372,21.66678278,12.67630357,13.521209953457404,101.98934107394979,False,,,,,False,,,,
point_lio,MIDDLE_01,ROW_MIDDLE,1,1767659531.4044387,23,UNKNOWN,,UNKNOWN,,manual_topology_not_confirmed,40,10,1100,40,backend_map:point_lio,canonical_backend,,,rank_frequency,,40,1166.pcd,1166,UNKNOWN,,,,UNKNOWN,,,,0.8382762649437674,0.9138097715471133,20.0487061,10.82653613,11.122480123322191,158.9218405948978,False,,,,,False,,,,
point_lio,MIDDLE_01,ROW_MIDDLE,3,1767659531.4044387,23,UNKNOWN,,UNKNOWN,,manual_topology_not_confirmed,40,10,1100,40,backend_map:point_lio,canonical_backend,,,rank_frequency,,1,5.pcd,5,UNKNOWN,,,,UNKNOWN,,,,0.9452098721993174,1.1968820102720028,2.078571014,0.7967493344,9.579370220690105,5.82911229325524,True,False,0.9666392092257001,328.605908,False,False,,,,
point_lio,MIDDLE_01,ROW_MIDDLE,3,1767659531.4044387,23,UNKNOWN,,UNKNOWN,,manual_topology_not_confirmed,40,10,1100,40,backend_map:point_lio,canonical_backend,,,rank_frequency,,2,42.pcd,42,UNKNOWN,,,,UNKNOWN,,,,0.9433805850222108,1.1091269541351587,20.26378777,8.191659429,10.052202847514062,2.326038915256804,True,False,0.9462520593080724,301.327065,False,False,,,,
point_lio,MIDDLE_01,ROW_MIDDLE,3,1767659531.4044387,23,UNKNOWN,,UNKNOWN,,manual_topology_not_confirmed,40,10,1100,40,backend_map:point_lio,canonical_backend,,,rank_frequency,,3,40.pcd,40,UNKNOWN,,,,UNKNOWN,,,,0.9293332706078219,1.2056251121836805,19.32165762,7.763436015,9.018529028527665,8.746841826130767,True,False,0.9666392092257001,129.805154,False,False,,,,
point_lio,MIDDLE_01,ROW_MIDDLE,3,1767659531.4044387,23,UNKNOWN,,UNKNOWN,,manual_topology_not_confirmed,40,10,1100,40,backend_map:point_lio,canonical_backend,,,rank_frequency,,4,26.pcd,26,UNKNOWN,,,,UNKNOWN,,,,0.9219360342874563,0.909681206162473,12.46249019,5.023906612,1.632916433852984,2.970682032858977,True,False,0.9684925864909391,323.522073,False,False,,,,
point_lio,MIDDLE_01,ROW_MIDDLE,3,1767659531.4044387,23,UNKNOWN,,UNKNOWN,,manual_topology_not_confirmed,40,10,1100,40,backend_map:point_lio,canonical_backend,,,rank_frequency,,5,41.pcd,41,UNKNOWN,,,,UNKNOWN,,,,0.921473328356147,1.076251662467764,19.78701519,7.996589485,9.537083066499264,6.164194541257088,True,False,0.9740527182866557,190.805784,False,False,,,,
point_lio,MIDDLE_01,ROW_MIDDLE,3,1767659531.4044387,23,UNKNOWN,,UNKNOWN,,manual_topology_not_confirmed,40,10,1100,40,backend_map:point_lio,canonical_backend,,,rank_frequency,,6,7.pcd,7,UNKNOWN,,,,UNKNOWN,,,,0.9085825228707491,1.1842057538948942,3.041002764,1.276993826,8.506819581815927,5.6864613699306235,True,False,0.9800247116968699,331.967536,False,False,,,,
point_lio,MIDDLE_01,ROW_MIDDLE,3,1767659531.4044387,23,UNKNOWN,,UNKNOWN,,manual_topology_not_confirmed,40,10,1100,40,backend_map:point_lio,canonical_backend,,,rank_frequency,,7,28.pcd,28,UNKNOWN,,,,UNKNOWN,,,,0.9076656921696483,1.0060177540996234,13.41528562,5.462340067,2.6799125823145857,0.44833409873487956,True,False,0.9903212520593081,131.761251,True,True,0.11992886257047912,0.9995881383855024,,True
point_lio,MIDDLE_01,ROW_MIDDLE,3,1767659531.4044387,23,UNKNOWN,,UNKNOWN,,manual_topology_not_confirmed,40,10,1100,40,backend_map:point_lio,canonical_backend,,,rank_frequency,,8,27.pcd,27,UNKNOWN,,,,UNKNOWN,,,,0.9067179624105486,0.9444072504875746,12.93945286,5.223517866,2.149635987966542,2.301573738165777,True,False,0.9761120263591433,142.210886,False,False,,,,
point_lio,MIDDLE_01,ROW_MIDDLE,3,1767659531.4044387,23,UNKNOWN,,UNKNOWN,,manual_topology_not_confirmed,40,10,1100,40,backend_map:point_lio,canonical_backend,,,rank_frequency,,9,1177.pcd,1177,UNKNOWN,,,,UNKNOWN,,,,0.9037325242508731,1.1886737275682984,14.62405569,8.601430604,5.551745839499496,157.4107536240723,True,False,0.9380148270181219,482.804105,False,False,,,,
point_lio,MIDDLE_01,ROW_MIDDLE,3,1767659531.4044387,23,UNKNOWN,,UNKNOWN,,manual_topology_not_confirmed,40,10,1100,40,backend_map:point_lio,canonical_backend,,,rank_frequency,,10,43.pcd,43,UNKNOWN,,,,UNKNOWN,,,,0.9036440494185346,1.172881564478286,20.76159883,8.38941016,10.587851281976711,4.93483433614553,True,False,0.9402800658978583,88.405741,False,False,,,,
point_lio,MIDDLE_01,ROW_MIDDLE,3,1767659531.4044387,23,UNKNOWN,,UNKNOWN,,manual_topology_not_confirmed,40,10,1100,40,backend_map:point_lio,canonical_backend,,,rank_frequency,,11,64.pcd,64,UNKNOWN,,,,UNKNOWN,,,,0.8988143927865574,1.1633533551444029,24.72080878,7.244215456,14.068293215088257,164.30566505343336,False,,,,,False,,,,
point_lio,MIDDLE_01,ROW_MIDDLE,3,1767659531.4044387,23,UNKNOWN,,UNKNOWN,,manual_topology_not_confirmed,40,10,1100,40,backend_map:point_lio,canonical_backend,,,rank_frequency,,12,1176.pcd,1176,UNKNOWN,,,,UNKNOWN,,,,0.8975769332380322,1.2066737374577103,15.13415105,8.758866113,6.014915927803599,157.7253481643125,False,,,,,False,,,,
point_lio,MIDDLE_01,ROW_MIDDLE,3,1767659531.4044387,23,UNKNOWN,,UNKNOWN,,manual_topology_not_confirmed,40,10,1100,40,backend_map:point_lio,canonical_backend,,,rank_frequency,,13,1175.pcd,1175,UNKNOWN,,,,UNKNOWN,,,,0.8971968750927284,1.1838474164314976,15.59581001,8.966806036,6.488872144059694,156.00152540477222,False,,,,,False,,,,
point_lio,MIDDLE_01,ROW_MIDDLE,3,1767659531.4044387,23,UNKNOWN,,UNKNOWN,,manual_topology_not_confirmed,40,10,1100,40,backend_map:point_lio,canonical_backend,,,rank_frequency,,14,30.pcd,30,UNKNOWN,,,,UNKNOWN,,,,0.894093884278742,1.1799938794288656,14.22868714,5.81482783,3.566216840016302,3.6167811551831153,False,,,,,False,,,,
point_lio,MIDDLE_01,ROW_MIDDLE,3,1767659531.4044387,23,UNKNOWN,,UNKNOWN,,manual_topology_not_confirmed,40,10,1100,40,backend_map:point_lio,canonical_backend,,,rank_frequency,,15,1174.pcd,1174,UNKNOWN,,,,UNKNOWN,,,,0.8931063575837245,1.149408744563218,16.08659315,9.132260958,6.960221242383498,163.64053488280337,False,,,,,False,,,,
point_lio,MIDDLE_01,ROW_MIDDLE,3,1767659531.4044387,23,UNKNOWN,,UNKNOWN,,manual_topology_not_confirmed,40,10,1100,40,backend_map:point_lio,canonical_backend,,,rank_frequency,,16,9.pcd,9,UNKNOWN,,,,UNKNOWN,,,,0.8918869379294414,1.1969175935801155,4.069525108,1.818337874,7.351464436747208,2.314973278475777,False,,,,,False,,,,
point_lio,MIDDLE_01,ROW_MIDDLE,3,1767659531.4044387,23,UNKNOWN,,UNKNOWN,,manual_topology_not_confirmed,40,10,1100,40,backend_map:point_lio,canonical_backend,,,rank_frequency,,17,62.pcd,62,UNKNOWN,,,,UNKNOWN,,,,0.8893871798518327,1.2008162293913642,25.24151573,7.596780862,14.65055879766758,141.96028482810405,False,,,,,False,,,,
point_lio,MIDDLE_01,ROW_MIDDLE,3,1767659531.4044387,23,UNKNOWN,,UNKNOWN,,manual_topology_not_confirmed,40,10,1100,40,backend_map:point_lio,canonical_backend,,,rank_frequency,,18,1162.pcd,1162,UNKNOWN,,,,UNKNOWN,,,,0.8855855063040691,0.7802953733710214,21.3745512,11.54705988,12.62311388274556,132.242087108559,False,,,,,False,,,,
point_lio,MIDDLE_01,ROW_MIDDLE,3,1767659531.4044387,23,UNKNOWN,,UNKNOWN,,manual_topology_not_confirmed,40,10,1100,40,backend_map:point_lio,canonical_backend,,,rank_frequency,,19,1155.pcd,1155,UNKNOWN,,,,UNKNOWN,,,,0.8762122562319427,1.138056660888076,21.11659865,14.30797724,14.170487637977127,97.64302010770722,False,,,,,False,,,,
point_lio,MIDDLE_01,ROW_MIDDLE,3,1767659531.4044387,23,UNKNOWN,,UNKNOWN,,manual_topology_not_confirmed,40,10,1100,40,backend_map:point_lio,canonical_backend,,,rank_frequency,,20,1168.pcd,1168,UNKNOWN,,,,UNKNOWN,,,,0.8752887037302997,0.9178998579864431,19.10798742,10.34378169,10.075872709038165,161.66920422353937,False,,,,,False,,,,
point_lio,MIDDLE_01,ROW_MIDDLE,3,1767659531.4044387,23,UNKNOWN,,UNKNOWN,,manual_topology_not_confirmed,40,10,1100,40,backend_map:point_lio,canonical_backend,,,rank_frequency,,21,31.pcd,31,UNKNOWN,,,,UNKNOWN,,,,0.8746444037768485,1.1977632546858132,14.70503237,5.971214286,4.0663791629726544,1.4792343438430358,False,,,,,False,,,,
point_lio,MIDDLE_01,ROW_MIDDLE,3,1767659531.4044387,23,UNKNOWN,,UNKNOWN,,manual_topology_not_confirmed,40,10,1100,40,backend_map:point_lio,canonical_backend,,,rank_frequency,,22,1172.pcd,1172,UNKNOWN,,,,UNKNOWN,,,,0.8740543732329832,1.1288106208706021,17.28881832,9.48458645,8.105821912206546,153.79741934921338,False,,,,,False,,,,
point_lio,MIDDLE_01,ROW_MIDDLE,3,1767659531.4044387,23,UNKNOWN,,UNKNOWN,,manual_topology_not_confirmed,40,10,1100,40,backend_map:point_lio,canonical_backend,,,rank_frequency,,23,1171.pcd,1171,UNKNOWN,,,,UNKNOWN,,,,0.8726958926470785,1.0747852468065364,17.81393166,9.725629995,8.668279267361132,151.52550430007142,False,,,,,False,,,,
point_lio,MIDDLE_01,ROW_MIDDLE,3,1767659531.4044387,23,UNKNOWN,,UNKNOWN,,manual_topology_not_confirmed,40,10,1100,40,backend_map:point_lio,canonical_backend,,,rank_frequency,,24,65.pcd,65,UNKNOWN,,,,UNKNOWN,,,,0.8703141824510167,1.1910950639016762,24.21718137,7.054640068,13.537354249305464,170.580137184698,False,,,,,False,,,,
point_lio,MIDDLE_01,ROW_MIDDLE,3,1767659531.4044387,23,UNKNOWN,,UNKNOWN,,manual_topology_not_confirmed,40,10,1100,40,backend_map:point_lio,canonical_backend,,,rank_frequency,,25,1167.pcd,1167,UNKNOWN,,,,UNKNOWN,,,,0.8684347158821983,1.0667324549981836,19.52205712,10.62611208,10.576877995394103,160.60897675875376,False,,,,,False,,,,
point_lio,MIDDLE_01,ROW_MIDDLE,3,1767659531.4044387,23,UNKNOWN,,UNKNOWN,,manual_topology_not_confirmed,40,10,1100,40,backend_map:point_lio,canonical_backend,,,rank_frequency,,26,1170.pcd,1170,UNKNOWN,,,,UNKNOWN,,,,0.8666016312081802,1.0427281975329186,18.30754471,9.91856764,9.17866429603307,151.31688710122228,False,,,,,False,,,,
point_lio,MIDDLE_01,ROW_MIDDLE,3,1767659531.4044387,23,UNKNOWN,,UNKNOWN,,manual_topology_not_confirmed,40,10,1100,40,backend_map:point_lio,canonical_backend,,,rank_frequency,,27,1154.pcd,1154,UNKNOWN,,,,UNKNOWN,,,,0.8657197279926909,1.1374212442745113,20.8990945,14.76457364,14.33963491457635,96.27265057527042,False,,,,,False,,,,
point_lio,MIDDLE_01,ROW_MIDDLE,3,1767659531.4044387,23,UNKNOWN,,UNKNOWN,,manual_topology_not_confirmed,40,10,1100,40,backend_map:point_lio,canonical_backend,,,rank_frequency,,28,1156.pcd,1156,UNKNOWN,,,,UNKNOWN,,,,0.8638210585394525,1.0802980788854666,21.30656668,13.73632063,13.920159137646046,101.19306162564064,False,,,,,False,,,,
point_lio,MIDDLE_01,ROW_MIDDLE,3,1767659531.4044387,23,UNKNOWN,,UNKNOWN,,manual_topology_not_confirmed,40,10,1100,40,backend_map:point_lio,canonical_backend,,,rank_frequency,,29,1163.pcd,1163,UNKNOWN,,,,UNKNOWN,,,,0.8620377434381065,1.038052826595633,21.16892881,11.35917757,12.347520912731943,141.26636336072843,False,,,,,False,,,,
point_lio,MIDDLE_01,ROW_MIDDLE,3,1767659531.4044387,23,UNKNOWN,,UNKNOWN,,manual_topology_not_confirmed,40,10,1100,40,backend_map:point_lio,canonical_backend,,,rank_frequency,,30,1157.pcd,1157,UNKNOWN,,,,UNKNOWN,,,,0.8603124116152259,1.0093714568468664,21.52354216,13.16771315,13.714561906458755,100.1867917214476,False,,,,,False,,,,
point_lio,MIDDLE_01,ROW_MIDDLE,3,1767659531.4044387,23,UNKNOWN,,UNKNOWN,,manual_topology_not_confirmed,40,10,1100,40,backend_map:point_lio,canonical_backend,,,rank_frequency,,31,1153.pcd,1153,UNKNOWN,,,,UNKNOWN,,,,0.8586016202771213,1.133521109583222,20.64786958,15.31028627,14.568096124820036,88.81323546880432,False,,,,,False,,,,
point_lio,MIDDLE_01,ROW_MIDDLE,3,1767659531.4044387,23,UNKNOWN,,UNKNOWN,,manual_topology_not_confirmed,40,10,1100,40,backend_map:point_lio,canonical_backend,,,rank_frequency,,32,1164.pcd,1164,UNKNOWN,,,,UNKNOWN,,,,0.8579125200667239,0.909591201531444,20.92178141,11.18938505,12.047680199524317,147.7951113090813,False,,,,,False,,,,
point_lio,MIDDLE_01,ROW_MIDDLE,3,1767659531.4044387,23,UNKNOWN,,UNKNOWN,,manual_topology_not_confirmed,40,10,1100,40,backend_map:point_lio,canonical_backend,,,rank_frequency,,33,1159.pcd,1159,UNKNOWN,,,,UNKNOWN,,,,0.8572988238987552,0.9049545264942308,21.66197175,12.08445708,13.165838484732797,94.56727069611973,False,,,,,False,,,,
point_lio,MIDDLE_01,ROW_MIDDLE,3,1767659531.4044387,23,UNKNOWN,,UNKNOWN,,manual_topology_not_confirmed,40,10,1100,40,backend_map:point_lio,canonical_backend,,,rank_frequency,,34,1169.pcd,1169,UNKNOWN,,,,UNKNOWN,,,,0.8570761501105725,0.9812872702786664,18.77113387,10.18954878,9.712657405582203,153.97104693114548,False,,,,,False,,,,
point_lio,MIDDLE_01,ROW_MIDDLE,3,1767659531.4044387,23,UNKNOWN,,UNKNOWN,,manual_topology_not_confirmed,40,10,1100,40,backend_map:point_lio,canonical_backend,,,rank_frequency,,35,1160.pcd,1160,UNKNOWN,,,,UNKNOWN,,,,0.8568407678210621,0.9332542841272161,21.59866055,11.90175787,13.00885889814252,109.51467185691256,False,,,,,False,,,,
point_lio,MIDDLE_01,ROW_MIDDLE,3,1767659531.4044387,23,UNKNOWN,,UNKNOWN,,manual_topology_not_confirmed,40,10,1100,40,backend_map:point_lio,canonical_backend,,,rank_frequency,,36,1152.pcd,1152,UNKNOWN,,,,UNKNOWN,,,,0.8561382442334717,0.9809425585887529,20.52713652,15.59127674,14.69955675884492,79.04662708825029,False,,,,,False,,,,
point_lio,MIDDLE_01,ROW_MIDDLE,3,1767659531.4044387,23,UNKNOWN,,UNKNOWN,,manual_topology_not_confirmed,40,10,1100,40,backend_map:point_lio,canonical_backend,,,rank_frequency,,37,1166.pcd,1166,UNKNOWN,,,,UNKNOWN,,,,0.8542474578525922,1.1341297772257442,20.0487061,10.82653613,11.122480123322191,158.9218405948978,False,,,,,False,,,,
point_lio,MIDDLE_01,ROW_MIDDLE,3,1767659531.4044387,23,UNKNOWN,,UNKNOWN,,manual_topology_not_confirmed,40,10,1100,40,backend_map:point_lio,canonical_backend,,,rank_frequency,,38,1165.pcd,1165,UNKNOWN,,,,UNKNOWN,,,,0.853705415089284,0.967606142997462,20.6372846,11.0652549,11.742525128954403,161.76911320658408,False,,,,,False,,,,
point_lio,MIDDLE_01,ROW_MIDDLE,3,1767659531.4044387,23,UNKNOWN,,UNKNOWN,,manual_topology_not_confirmed,40,10,1100,40,backend_map:point_lio,canonical_backend,,,rank_frequency,,39,1161.pcd,1161,UNKNOWN,,,,UNKNOWN,,,,0.8484597408356197,0.9695992102307271,21.50477115,11.74162986,12.840449539543695,129.09602233288328,False,,,,,False,,,,
point_lio,MIDDLE_01,ROW_MIDDLE,3,1767659531.4044387,23,UNKNOWN,,UNKNOWN,,manual_topology_not_confirmed,40,10,1100,40,backend_map:point_lio,canonical_backend,,,rank_frequency,,40,1158.pcd,1158,UNKNOWN,,,,UNKNOWN,,,,0.8450661345858551,0.900374058092354,21.66678278,12.67630357,13.521209953457404,101.98934107394979,False,,,,,False,,,,
point_lio,MIDDLE_01,ROW_MIDDLE,5,1767659531.4044387,23,UNKNOWN,,UNKNOWN,,manual_topology_not_confirmed,40,10,1100,40,backend_map:point_lio,canonical_backend,,,rank_frequency,,1,5.pcd,5,UNKNOWN,,,,UNKNOWN,,,,0.9404451191044229,1.377579020307602,2.078571014,0.7967493344,9.579370220690105,5.82911229325524,True,False,0.9644464446444645,3349.031639,False,False,,,,
point_lio,MIDDLE_01,ROW_MIDDLE,5,1767659531.4044387,23,UNKNOWN,,UNKNOWN,,manual_topology_not_confirmed,40,10,1100,40,backend_map:point_lio,canonical_backend,,,rank_frequency,,2,42.pcd,42,UNKNOWN,,,,UNKNOWN,,,,0.9380075733286796,1.294080440340464,20.26378777,8.191659429,10.052202847514062,2.326038915256804,True,False,0.9494449444944495,206.738151,False,False,,,,
point_lio,MIDDLE_01,ROW_MIDDLE,5,1767659531.4044387,23,UNKNOWN,,UNKNOWN,,manual_topology_not_confirmed,40,10,1100,40,backend_map:point_lio,canonical_backend,,,rank_frequency,,3,40.pcd,40,UNKNOWN,,,,UNKNOWN,,,,0.9255985631328438,1.3714905530521788,19.32165762,7.763436015,9.018529028527665,8.746841826130767,True,False,0.9645964596459646,144.524498,False,False,,,,
point_lio,MIDDLE_01,ROW_MIDDLE,5,1767659531.4044387,23,UNKNOWN,,UNKNOWN,,manual_topology_not_confirmed,40,10,1100,40,backend_map:point_lio,canonical_backend,,,rank_frequency,,4,26.pcd,26,UNKNOWN,,,,UNKNOWN,,,,0.923260712718596,1.0650675121048658,12.46249019,5.023906612,1.632916433852984,2.970682032858977,True,False,0.9675967596759676,705.271475,False,False,,,,
point_lio,MIDDLE_01,ROW_MIDDLE,5,1767659531.4044387,23,UNKNOWN,,UNKNOWN,,manual_topology_not_confirmed,40,10,1100,40,backend_map:point_lio,canonical_backend,,,rank_frequency,,5,41.pcd,41,UNKNOWN,,,,UNKNOWN,,,,0.9192620223649418,1.249572352768091,19.78701519,7.996589485,9.537083066499264,6.164194541257088,True,False,0.9620462046204621,1312.302991,False,False,,,,
point_lio,MIDDLE_01,ROW_MIDDLE,5,1767659531.4044387,23,UNKNOWN,,UNKNOWN,,manual_topology_not_confirmed,40,10,1100,40,backend_map:point_lio,canonical_backend,,,rank_frequency,,6,7.pcd,7,UNKNOWN,,,,UNKNOWN,,,,0.9122093912031163,1.365873346829291,3.041002764,1.276993826,8.506819581815927,5.6864613699306235,True,False,0.9764476447644764,2590.962664,False,False,,,,
point_lio,MIDDLE_01,ROW_MIDDLE,5,1767659531.4044387,23,UNKNOWN,,UNKNOWN,,manual_topology_not_confirmed,40,10,1100,40,backend_map:point_lio,canonical_backend,,,rank_frequency,,7,27.pcd,27,UNKNOWN,,,,UNKNOWN,,,,0.9098831161230752,1.097561033154962,12.93945286,5.223517866,2.149635987966542,2.301573738165777,True,False,0.9672967296729673,846.184692,False,False,,,,
point_lio,MIDDLE_01,ROW_MIDDLE,5,1767659531.4044387,23,UNKNOWN,,UNKNOWN,,manual_topology_not_confirmed,40,10,1100,40,backend_map:point_lio,canonical_backend,,,rank_frequency,,8,28.pcd,28,UNKNOWN,,,,UNKNOWN,,,,0.9094126314318625,1.194362989420157,13.41528562,5.462340067,2.6799125823145857,0.44833409873487956,True,False,0.9888988898889889,384.780442,True,True,0.14796650937279252,0.9995499549954996,,True
point_lio,MIDDLE_01,ROW_MIDDLE,5,1767659531.4044387,23,UNKNOWN,,UNKNOWN,,manual_topology_not_confirmed,40,10,1100,40,backend_map:point_lio,canonical_backend,,,rank_frequency,,9,43.pcd,43,UNKNOWN,,,,UNKNOWN,,,,0.9061838415123011,1.361542351337989,20.76159883,8.38941016,10.587851281976711,4.93483433614553,True,False,0.927992799279928,149.896653,False,False,,,,
point_lio,MIDDLE_01,ROW_MIDDLE,5,1767659531.4044387,23,UNKNOWN,,UNKNOWN,,manual_topology_not_confirmed,40,10,1100,40,backend_map:point_lio,canonical_backend,,,rank_frequency,,10,64.pcd,64,UNKNOWN,,,,UNKNOWN,,,,0.9055601632324481,1.309962083128796,24.72080878,7.244215456,14.068293215088257,164.30566505343336,True,False,0.9401440144014401,501.326892,False,False,,,,
point_lio,MIDDLE_01,ROW_MIDDLE,5,1767659531.4044387,23,UNKNOWN,,UNKNOWN,,manual_topology_not_confirmed,40,10,1100,40,backend_map:point_lio,canonical_backend,,,rank_frequency,,11,1178.pcd,1178,UNKNOWN,,,,UNKNOWN,,,,0.9007508722784942,1.374123282911359,14.15243282,8.350750408,5.054280674735508,158.15868783879773,False,,,,,False,,,,
point_lio,MIDDLE_01,ROW_MIDDLE,5,1767659531.4044387,23,UNKNOWN,,UNKNOWN,,manual_topology_not_confirmed,40,10,1100,40,backend_map:point_lio,canonical_backend,,,rank_frequency,,12,30.pcd,30,UNKNOWN,,,,UNKNOWN,,,,0.8981029201125494,1.3552899622610943,14.22868714,5.81482783,3.566216840016302,3.6167811551831153,False,,,,,False,,,,
point_lio,MIDDLE_01,ROW_MIDDLE,5,1767659531.4044387,23,UNKNOWN,,UNKNOWN,,manual_topology_not_confirmed,40,10,1100,40,backend_map:point_lio,canonical_backend,,,rank_frequency,,13,1177.pcd,1177,UNKNOWN,,,,UNKNOWN,,,,0.8945849645409009,1.3380161090775506,14.62405569,8.601430604,5.551745839499496,157.4107536240723,False,,,,,False,,,,
point_lio,MIDDLE_01,ROW_MIDDLE,5,1767659531.4044387,23,UNKNOWN,,UNKNOWN,,manual_topology_not_confirmed,40,10,1100,40,backend_map:point_lio,canonical_backend,,,rank_frequency,,14,1176.pcd,1176,UNKNOWN,,,,UNKNOWN,,,,0.8923734629267158,1.3432735446952455,15.13415105,8.758866113,6.014915927803599,157.7253481643125,False,,,,,False,,,,
point_lio,MIDDLE_01,ROW_MIDDLE,5,1767659531.4044387,23,UNKNOWN,,UNKNOWN,,manual_topology_not_confirmed,40,10,1100,40,backend_map:point_lio,canonical_backend,,,rank_frequency,,15,1175.pcd,1175,UNKNOWN,,,,UNKNOWN,,,,0.8888632568268718,1.3750208119804952,15.59581001,8.966806036,6.488872144059694,156.00152540477222,False,,,,,False,,,,
point_lio,MIDDLE_01,ROW_MIDDLE,5,1767659531.4044387,23,UNKNOWN,,UNKNOWN,,manual_topology_not_confirmed,40,10,1100,40,backend_map:point_lio,canonical_backend,,,rank_frequency,,16,1162.pcd,1162,UNKNOWN,,,,UNKNOWN,,,,0.886791498509611,0.8910022453080061,21.3745512,11.54705988,12.62311388274556,132.242087108559,False,,,,,False,,,,
point_lio,MIDDLE_01,ROW_MIDDLE,5,1767659531.4044387,23,UNKNOWN,,UNKNOWN,,manual_topology_not_confirmed,40,10,1100,40,backend_map:point_lio,canonical_backend,,,rank_frequency,,17,1174.pcd,1174,UNKNOWN,,,,UNKNOWN,,,,0.8825242758078452,1.3029888618742014,16.08659315,9.132260958,6.960221242383498,163.64053488280337,False,,,,,False,,,,
point_lio,MIDDLE_01,ROW_MIDDLE,5,1767659531.4044387,23,UNKNOWN,,UNKNOWN,,manual_topology_not_confirmed,40,10,1100,40,backend_map:point_lio,canonical_backend,,,rank_frequency,,18,1155.pcd,1155,UNKNOWN,,,,UNKNOWN,,,,0.8808730173990023,1.2269531262120423,21.11659865,14.30797724,14.170487637977127,97.64302010770722,False,,,,,False,,,,
point_lio,MIDDLE_01,ROW_MIDDLE,5,1767659531.4044387,23,UNKNOWN,,UNKNOWN,,manual_topology_not_confirmed,40,10,1100,40,backend_map:point_lio,canonical_backend,,,rank_frequency,,19,1171.pcd,1171,UNKNOWN,,,,UNKNOWN,,,,0.8800319065997357,1.2375789940417925,17.81393166,9.725629995,8.668279267361132,151.52550430007142,False,,,,,False,,,,
point_lio,MIDDLE_01,ROW_MIDDLE,5,1767659531.4044387,23,UNKNOWN,,UNKNOWN,,manual_topology_not_confirmed,40,10,1100,40,backend_map:point_lio,canonical_backend,,,rank_frequency,,20,1172.pcd,1172,UNKNOWN,,,,UNKNOWN,,,,0.8797399263568993,1.2813853568818374,17.28881832,9.48458645,8.105821912206546,153.79741934921338,False,,,,,False,,,,
point_lio,MIDDLE_01,ROW_MIDDLE,5,1767659531.4044387,23,UNKNOWN,,UNKNOWN,,manual_topology_not_confirmed,40,10,1100,40,backend_map:point_lio,canonical_backend,,,rank_frequency,,21,1168.pcd,1168,UNKNOWN,,,,UNKNOWN,,,,0.879421215251953,1.0890048754074986,19.10798742,10.34378169,10.075872709038165,161.66920422353937,False,,,,,False,,,,
point_lio,MIDDLE_01,ROW_MIDDLE,5,1767659531.4044387,23,UNKNOWN,,UNKNOWN,,manual_topology_not_confirmed,40,10,1100,40,backend_map:point_lio,canonical_backend,,,rank_frequency,,22,1157.pcd,1157,UNKNOWN,,,,UNKNOWN,,,,0.8759935079414116,1.114580431910643,21.52354216,13.16771315,13.714561906458755,100.1867917214476,False,,,,,False,,,,
point_lio,MIDDLE_01,ROW_MIDDLE,5,1767659531.4044387,23,UNKNOWN,,UNKNOWN,,manual_topology_not_confirmed,40,10,1100,40,backend_map:point_lio,canonical_backend,,,rank_frequency,,23,31.pcd,31,UNKNOWN,,,,UNKNOWN,,,,0.8758849170020016,1.3608854023764787,14.70503237,5.971214286,4.0663791629726544,1.4792343438430358,False,,,,,False,,,,
point_lio,MIDDLE_01,ROW_MIDDLE,5,1767659531.4044387,23,UNKNOWN,,UNKNOWN,,manual_topology_not_confirmed,40,10,1100,40,backend_map:point_lio,canonical_backend,,,rank_frequency,,24,65.pcd,65,UNKNOWN,,,,UNKNOWN,,,,0.8746493174407476,1.325567136890595,24.21718137,7.054640068,13.537354249305464,170.580137184698,False,,,,,False,,,,
point_lio,MIDDLE_01,ROW_MIDDLE,5,1767659531.4044387,23,UNKNOWN,,UNKNOWN,,manual_topology_not_confirmed,40,10,1100,40,backend_map:point_lio,canonical_backend,,,rank_frequency,,25,1156.pcd,1156,UNKNOWN,,,,UNKNOWN,,,,0.8722442753082962,1.213505524839282,21.30656668,13.73632063,13.920159137646046,101.19306162564064,False,,,,,False,,,,
point_lio,MIDDLE_01,ROW_MIDDLE,5,1767659531.4044387,23,UNKNOWN,,UNKNOWN,,manual_topology_not_confirmed,40,10,1100,40,backend_map:point_lio,canonical_backend,,,rank_frequency,,26,1170.pcd,1170,UNKNOWN,,,,UNKNOWN,,,,0.8711540704914864,1.1671088643788559,18.30754471,9.91856764,9.17866429603307,151.31688710122228,False,,,,,False,,,,
point_lio,MIDDLE_01,ROW_MIDDLE,5,1767659531.4044387,23,UNKNOWN,,UNKNOWN,,manual_topology_not_confirmed,40,10,1100,40,backend_map:point_lio,canonical_backend,,,rank_frequency,,27,1154.pcd,1154,UNKNOWN,,,,UNKNOWN,,,,0.8697311079721729,1.2721882434827434,20.8990945,14.76457364,14.33963491457635,96.27265057527042,False,,,,,False,,,,
point_lio,MIDDLE_01,ROW_MIDDLE,5,1767659531.4044387,23,UNKNOWN,,UNKNOWN,,manual_topology_not_confirmed,40,10,1100,40,backend_map:point_lio,canonical_backend,,,rank_frequency,,28,1169.pcd,1169,UNKNOWN,,,,UNKNOWN,,,,0.8677915228511609,1.1018217522435758,18.77113387,10.18954878,9.712657405582203,153.97104693114548,False,,,,,False,,,,
point_lio,MIDDLE_01,ROW_MIDDLE,5,1767659531.4044387,23,UNKNOWN,,UNKNOWN,,manual_topology_not_confirmed,40,10,1100,40,backend_map:point_lio,canonical_backend,,,rank_frequency,,29,1153.pcd,1153,UNKNOWN,,,,UNKNOWN,,,,0.8658495986645257,1.2525829376910689,20.64786958,15.31028627,14.568096124820036,88.81323546880432,False,,,,,False,,,,
point_lio,MIDDLE_01,ROW_MIDDLE,5,1767659531.4044387,23,UNKNOWN,,UNKNOWN,,manual_topology_not_confirmed,40,10,1100,40,backend_map:point_lio,canonical_backend,,,rank_frequency,,30,1167.pcd,1167,UNKNOWN,,,,UNKNOWN,,,,0.8652863626466255,1.2420853007655057,19.52205712,10.62611208,10.576877995394103,160.60897675875376,False,,,,,False,,,,
point_lio,MIDDLE_01,ROW_MIDDLE,5,1767659531.4044387,23,UNKNOWN,,UNKNOWN,,manual_topology_not_confirmed,40,10,1100,40,backend_map:point_lio,canonical_backend,,,rank_frequency,,31,1165.pcd,1165,UNKNOWN,,,,UNKNOWN,,,,0.8649206783474975,1.0769271361604158,20.6372846,11.0652549,11.742525128954403,161.76911320658408,False,,,,,False,,,,
point_lio,MIDDLE_01,ROW_MIDDLE,5,1767659531.4044387,23,UNKNOWN,,UNKNOWN,,manual_topology_not_confirmed,40,10,1100,40,backend_map:point_lio,canonical_backend,,,rank_frequency,,32,1164.pcd,1164,UNKNOWN,,,,UNKNOWN,,,,0.8620351008836296,0.9995007301674813,20.92178141,11.18938505,12.047680199524317,147.7951113090813,False,,,,,False,,,,
point_lio,MIDDLE_01,ROW_MIDDLE,5,1767659531.4044387,23,UNKNOWN,,UNKNOWN,,manual_topology_not_confirmed,40,10,1100,40,backend_map:point_lio,canonical_backend,,,rank_frequency,,33,1163.pcd,1163,UNKNOWN,,,,UNKNOWN,,,,0.8615715465890633,1.1476462134115455,21.16892881,11.35917757,12.347520912731943,141.26636336072843,False,,,,,False,,,,
point_lio,MIDDLE_01,ROW_MIDDLE,5,1767659531.4044387,23,UNKNOWN,,UNKNOWN,,manual_topology_not_confirmed,40,10,1100,40,backend_map:point_lio,canonical_backend,,,rank_frequency,,34,1160.pcd,1160,UNKNOWN,,,,UNKNOWN,,,,0.8610622707391595,1.111747569294131,21.59866055,11.90175787,13.00885889814252,109.51467185691256,False,,,,,False,,,,
point_lio,MIDDLE_01,ROW_MIDDLE,5,1767659531.4044387,23,UNKNOWN,,UNKNOWN,,manual_topology_not_confirmed,40,10,1100,40,backend_map:point_lio,canonical_backend,,,rank_frequency,,35,1166.pcd,1166,UNKNOWN,,,,UNKNOWN,,,,0.8609380452504655,1.271057283168876,20.0487061,10.82653613,11.122480123322191,158.9218405948978,False,,,,,False,,,,
point_lio,MIDDLE_01,ROW_MIDDLE,5,1767659531.4044387,23,UNKNOWN,,UNKNOWN,,manual_topology_not_confirmed,40,10,1100,40,backend_map:point_lio,canonical_backend,,,rank_frequency,,36,1159.pcd,1159,UNKNOWN,,,,UNKNOWN,,,,0.8608574868179413,1.0707771067276803,21.66197175,12.08445708,13.165838484732797,94.56727069611973,False,,,,,False,,,,
point_lio,MIDDLE_01,ROW_MIDDLE,5,1767659531.4044387,23,UNKNOWN,,UNKNOWN,,manual_topology_not_confirmed,40,10,1100,40,backend_map:point_lio,canonical_backend,,,rank_frequency,,37,1161.pcd,1161,UNKNOWN,,,,UNKNOWN,,,,0.8548684358371664,1.0768217329527972,21.50477115,11.74162986,12.840449539543695,129.09602233288328,False,,,,,False,,,,
point_lio,MIDDLE_01,ROW_MIDDLE,5,1767659531.4044387,23,UNKNOWN,,UNKNOWN,,manual_topology_not_confirmed,40,10,1100,40,backend_map:point_lio,canonical_backend,,,rank_frequency,,38,1152.pcd,1152,UNKNOWN,,,,UNKNOWN,,,,0.8482023017118971,1.0885184430786348,20.52713652,15.59127674,14.69955675884492,79.04662708825029,False,,,,,False,,,,
point_lio,MIDDLE_01,ROW_MIDDLE,5,1767659531.4044387,23,UNKNOWN,,UNKNOWN,,manual_topology_not_confirmed,40,10,1100,40,backend_map:point_lio,canonical_backend,,,rank_frequency,,39,1151.pcd,1151,UNKNOWN,,,,UNKNOWN,,,,0.8458842222292826,1.3369781728591603,20.44734955,15.78741064,14.797256406559818,65.17894710433758,False,,,,,False,,,,
point_lio,MIDDLE_01,ROW_MIDDLE,5,1767659531.4044387,23,UNKNOWN,,UNKNOWN,,manual_topology_not_confirmed,40,10,1100,40,backend_map:point_lio,canonical_backend,,,rank_frequency,,40,1158.pcd,1158,UNKNOWN,,,,UNKNOWN,,,,0.844085068260447,1.0493571663145147,21.66678278,12.67630357,13.521209953457404,101.98934107394979,False,,,,,False,,,,
